"LOJA";"TIPO_CLIENTE";"COMENTARIO";"CATEGORIA_MODELO";"CATEGORIA_ANOTADOR_1";"CATEGORIA_ANOTADOR_2";"OBSERVACOES"
"L5199-CASA VERDE";"neutro";"A interface não deixa claro a modalidade de entrega escolhida e abre espaço para dúvidas. Eu mesmo, profissional da área de design acabei escolhendo errado e tive que me locomover até a loja física.";"entrega_logistica";"outros";"outros";""
"L5047-SAO BERNARDO (1255)";"promotor";"Senti falta de opções de carnes suinas";"abastecimento";"abastecimento";"produto";""
"L5069-AGUA RASA (1322)";"neutro";"Precisa ficar mais barato, cortes com menor tamanho (peso).";"abastecimento";"produto";"produto";""
"L5231-SOROCABA PANNUNZIO";"promotor";"Poderiam disponibilizar produtos resfriados, hoje somente possuem produtos congelados";"abastecimento";"produto";"produto";""
"L5018-MOEMA JURUCE (0584)";"neutro";"Estacionamento a desejar. Um FDP com uma camionete usou 3 vagas parando todo torto na vaga. Tive que pagar zona azul porque estava com pressa e tinha que parar. Falta um funcionário no estacionamento para orientar esses sem ""noções"". Já passei direto outras vezes, pois as vagas são poucas e tem ""jumentos"" que não sabem viver em sociedade e pensam que são reis!";"promocoes_fidelidade";"loja_fisica";"loja_fisica";""
"L5099-VILA MATILDE (1421)";"detrator";"Picanha ouro, pessima e dura, 110. O kilo, cara pra qualidade, não é a primeira vez, que compro e me arrependo, dura";"produto";"produto";"produto";""
"L5159-COTIA KM 39";"detrator";"Comprei um produto e não tinha na loja no ato da compra deveria ser avisado";"abastecimento";"abastecimento";"abastecimento";""
"L5017-LEOPOLDINA (0576)";"detrator";"Entregando corretamente o que foi comprado";"produto";"entrega_logistica";"entrega_logistica";""
"L5278-ITAPECERICA DA SERRA";"promotor";"Ta tudo ótimo";"produto";"outros";"outros";""
"L5117-NOVA GRANADA";"neutro";"Não encontrei linguiça de pernil, e a picanha legado estava toda dura até mesmo a ponta dela.
";"produto";"abastecimento";"produto";""
"L5103-ATIBAIA (1454)";"detrator";"Parem de vender a marca combo ou avisem que a picanha é dura mesmo e só dá pra fazer cozida";"produto";"produto";"produto";""
"L5124-BOTUCATU";"detrator";"Contato fácil para saber a data de entrega";"entrega_logistica";"entrega_logistica";"entrega_logistica";""
"L5086-PORTAL DO MORUMBI (1352)";"detrator";"Precisa melhorar o processo industrial dos espetinhos de carne bovina e frango. Os pedaços não ficam totalmente presos no palito. Toda vez tenho que desmanchar os espetos e espetar os pedaços um a um nos palitos. Poderiam criar um ""linha premium"" com pedaços espetados um a um. Eu compraria.";"produto";"produto";"produto";""
"L5185-CLODOMIRO";"detrator";"porque os medalhoes de filet migon estã vindo (já é a segunda vez) com uma cor estranha.";"abastecimento";"produto";"produto";""
"L5154-RIO CLARO";"promotor";"Tudo excelente, desde os produtos até a rapidez na entrega. Amei!";"entrega_logistica";"entrega_logistica";"produto";""
"L5014-ROUXINOL (0567)";"detrator";"Loja da Moema Rouxinol diz que ficar aberta aos domingos até as 15:00, porém nos últimos 3 domingos fui lá antes das 14:00 e a loja estava fechada.";"abastecimento";"loja_fisica";"loja_fisica";""
"L5198-VILA RESENDE";"detrator";"Comprei cupim já temperado. Levei para assar conforme instruções! Porém quase no final. Ele deu dois estouros no forno, fazendo o maior fumaceiro e sujou todo o forno, além disso ainda ficou duro ????";"produto";"produto";"produto";""
"L5144-EMBU DAS ARTES";"promotor";"Barateando os preços";"outros";"promocoes_fidelidade";"promocoes_fidelidade";""
"L5082-VILA ANDRADE (1346)";"detrator";"Ficou faltando 2 pacotes de linguiça calabresa que foi faturado e não recebi. 
Aguardo os itens, abri chamado e nada";"abastecimento";"abastecimento";"abastecimento";""
"L5259-ALL WAYS MALL";"promotor";"Só abaixar um pouquinho o preço dos produtos.";"abastecimento";"promocoes_fidelidade";"promocoes_fidelidade";""
"L5099-VILA MATILDE (1421)";"detrator";"Melhorar o clima organizacional para que os atendentes sejam mais cordiais e ter uma ordem lógica de disposição dos itens, ficam, mudando tudo de lugar constantemente e ficamos perdidos na loja";"loja_fisica";"atendimento";"atendimento";""
"L5202-VILA CAICARA";"promotor";"Com identificação dos produtos e valores";"abastecimento";"loja_fisica";"loja_fisica";""
"L5139-SBC RUDGE RAMOS";"neutro";"Problema no estacionamento 
Somente um funcionário, fila na caixa.";"loja_fisica";"loja_fisica";"loja_fisica";""
"L5111-VINHEDO";"promotor";"Poderiam ter as aves e outros cortes de natal o ano todo.";"abastecimento";"abastecimento";"abastecimento";""
"L5020-VILA MARIANA 2 (0779)";"detrator";"Fazendo uma inspeção ( fiscalização ) periódica , no estabelecimento , sem aviso prévio .
Já deixei de frequentar duas lojas de vocês ; estou partindo para uma terceira …!";"produto";"outros";"outros";""
"L5218-PARELHEIROS";"promotor";"Gostei muito da experiência, super recomendo";"atendimento";"outros";"outros";""
"L5109-SANTOS POMPEIA";"promotor";"Dar descontos maiores para clientes fiéis!";"promocoes_fidelidade";"promocoes_fidelidade";"promocoes_fidelidade";""
"L5229-GLAUCIO GIL";"promotor";"Gosto de tudo.";"produto";"outros";"outros";""
"L5002-ALPHAVILLE (0290)";"promotor";"Mais foncionario e uma loja 24 horas";"promocoes_fidelidade";"atendimento";"loja_fisica";""
"L5112-BAURU";"neutro";"Gostaria de encontrar mais frutas congeladas. As abas das marmitas ocupam um espaço desnecessário no congelador. As marmitas poderiam sem quadradas, sem alças. Não encontrei a costelinha de tambaqui. Um dos bolos que comprei estava estragado
";"produto";"produto";"produto";""
"L5242-RECREIO";"detrator";"Comprei duas peças de uma fraldinha da marca Combo. Nunca comi uma fralda tão dura em toda minha vida. Impossível de comer. Denigre a marca Swift.";"produto";"produto";"produto";""
"L5136-RIB.PRETO ALTO DA BOA VISTA";"promotor";"Bastante variedade de produtos e disponibilidades porém os preços são bem acima do mercado";"abastecimento";"promocoes_fidelidade";"promocoes_fidelidade";""
"L5209-ITABERABA";"neutro";"Faltou queijo de Coalho, e o aplicativo não avisa que não tinha entrega na data do pedido.";"entrega_logistica";"abastecimento";"abastecimento";""
"L5165-MOGI DAS CRUZES MOGILAR";"detrator";"Comprei 6 hambúrguer ontem na loja, porém estava com gosto muito ruim, com cheiro  e gosto de gordura velha. Fiquei muito decepcionado com essa experiência de ontem com esses produtos da Swift.";"produto";"produto";"produto";""
"L5169-JACAREI";"promotor";"Comprei uma peça de bacon em pedaços e ao fritar subiu um cheiro horrível, de estragado, não sei como pode evitar esse problema, fora isso, TD certo por enquanto, não consumi TD ainda, mas com certeza farei nova compra com vcs!";"produto";"produto";"produto";""
"L5148-PARQUE DO CARMO";"neutro";"Algumas carnes com muita gordura deveriam estar explícitos na embalagem, me senti enganada quando comprei carne de panela e tinha muita gordura.";"produto";"produto";"produto";""
"L5058-JD. BONFIGLIOLI (1291)";"promotor";"A atendente Vanessa sempre muito prestativa, se preocupa em separar os produtos garantindo a qualidade.";"loja_fisica";"atendimento";"atendimento";""
"L5131-TAUBATE SAO GERALDO";"detrator";"COMPREI CHORIZO TEMPERADO E O BABY BIFE TEMPERADOS PURA PIMENTA PENSA EM CASA QUE SE TEM IDOSO QUE ARREPENDIMENTO MAL COMEMOS A CARNE,NINGUEM GOSTOU GASTEI DINHEIRO .";"produto";"produto";"produto";""
"L5059-TUTOIA (1294)";"detrator";"Pedido veio faltando o pão francês";"abastecimento";"abastecimento";"abastecimento";""
"L5098-AUTONOMISTAS (1405)";"neutro";"Acho que sinalizar por especialidade 
um balcao com tudo de por co
outro com tudo de frango";"produto";"loja_fisica";"loja_fisica";""
"L5161-ITANHAEM";"neutro";"Preços de carne vermelha muito alto.";"outros";"promocoes_fidelidade";"promocoes_fidelidade";""
"L5016-ANDRADINA (0573)";"neutro";"Talvez um ambiente mais amplo,  onde se possa ver os produtos. 
Se estiver um cliente escolhendo produtos, não se consegue pegar o que vc quer enquanto  a pessoa não se decidir, perda de tempo pra quem tem pressa.";"abastecimento";"loja_fisica";"loja_fisica";""
"L5058-JD. BONFIGLIOLI (1291)";"neutro";"Área dos fruto não,  achei muito alto os preços";"produto";"promocoes_fidelidade";"promocoes_fidelidade";""
"L5112-BAURU";"detrator";"Boa noite , infelizmente achei um pedacinho de osso no frango que comprei pedaços grandes para estrogonofff,  pior minha filha de 6 anos que mordeu e nos mostrou , concluindo é um perigo , peço um pouco mais de atenção nessa qualidade , ainda nao provei mais nada , mais ja tive essa decepção,  obrigado";"produto";"produto";"produto";""
"L5069-AGUA RASA (1322)";"detrator";"Pedido veio faltando os 2 itens mais caros";"abastecimento";"abastecimento";"abastecimento";""
"L5163-TAQUARI";"promotor";"Ter mais opções de postas de peixe.";"loja_fisica";"produto";"produto";""
"L5056-PENHA (1285)";"neutro";"Vocês não se responsabilizam pela entrega depois que sai da loja então deveriam entregar somente dentro de plataformas que assumem isso! Porque fiquei decepcionada quando recebi a mensagem dizendo que ficaria sob minha responsabilidade entregar o código só depois da conferencia! Achei triste!";"abastecimento";"entrega_logistica";"entrega_logistica";""
"L5216-UBATUBA";"promotor";"Mais opções de carnes. 
Para preços melhores";"produto";"produto";"produto";""
"L5266-MATEO BEI";"detrator";"Em.tudo produtos caros preços fora do produto máquinas de preços não funcionam";"abastecimento";"promocoes_fidelidade";"promocoes_fidelidade";""
"L5154-RIO CLARO";"promotor";"desconto fidelidade para os clientes";"promocoes_fidelidade";"promocoes_fidelidade";"promocoes_fidelidade";""
"L5176-BRAGANCA PAULISTA";"neutro";"eu sempre achei a swift com preços competitivos em relação a outras boutiques de carne ou supermercados. Essa última vez achei tudo mais caro, resolvi comprar só o necessário. 

outras lojas de carne e os supermercados estão com preços mais atrativos. Claro que estou comparando com os mercados e lojas que tem produtos de qualidade igual ao da swift.
";"outros";"promocoes_fidelidade";"promocoes_fidelidade";""
"L5071-BELA VISTA (1326)";"detrator";"Qualidade sempre piorando até as carnes prêmio está ruim compre 2 picanha para churrasco e não dava para comer tive que colocar  na panela de pressão para não perde …. A loja é bagunçada deve falta funcionário que acumulam oque fazer tudo errado ….. peso dos produtos ridículos embalagem menor só para poder alimentar valor";"abastecimento";"produto";"produto";""
"L5152-ALTO DA BOA VISTA";"detrator";"Me enviaram coxa e sobrecoxa ""marca pioneiro"" um bloco de gelo, péssima qualidade, não compro mais.";"abastecimento";"produto";"produto";""
"L5046-VILA CARRAO (1248)";"neutro";"Melhorar a segurança para que não hajam fraudes ou roubo por parte dos e entregadores, e se houver, se certificar de que o cliente não seja prejudicado pelo ocorrido, respeitando o prazo de entrega imediatamente após a detecção do problema que impediu o cliente de receber a compra ! E que esse re-envio seja pelo menos no mesmo dia do prazo original de entrega.";"entrega_logistica";"entrega_logistica";"entrega_logistica";""
"L5152-ALTO DA BOA VISTA";"neutro";"Sempre falta a quantidade de produtos que peço por falta de disponibilidade no estoque";"abastecimento";"abastecimento";"abastecimento";""
"L5174-PERI PERI";"promotor";"Somente no término de atendimento, recomendo ao funcionário do caixa dizer ""obrigado bem risonho"" em todos os casos.";"loja_fisica";"atendimento";"atendimento";""
"L5019-ANGELICA (0684)";"detrator";"Comprei um contra filé desta nova marca a tal Gran Reserva e estava muito duro e cheio de nervos.";"produto";"produto";"produto";""
"L5087-ALBERTO ANDALO (1353)";"neutro";"Não entregaram os produtos tivecque ir na loja retirar";"entrega_logistica";"entrega_logistica";"entrega_logistica";""
"L5215-VILA EMA";"detrator";"Nas gôndolas estava marcando um preço promocional e no caixa, passou outro preço. Fui perceber ao chegar em casa.";"abastecimento";"promocoes_fidelidade";"promocoes_fidelidade";""
"L5086-PORTAL DO MORUMBI (1352)";"detrator";"o preço continua alto em relação aos açougues, o que não era assim antes, e o atendimento dos caixas sempre demorado e com fila, sobretudo na loja portal do morumbi";"abastecimento";"promocoes_fidelidade";"promocoes_fidelidade";""
"L5009-PIRITUBA (0508)";"detrator";"A carne ja esta no mesmo nivel da friboi, pessima, com gosto de amaciante e consistencia de palha. Decepcionado";"produto";"produto";"produto";""
"L5140-OSASCO KM 18";"neutro";"Disponibilizar mais ofertas.
Alguns produtos não tem preço ou não está claro o valor do produto.";"abastecimento";"promocoes_fidelidade";"promocoes_fidelidade";""
"L5205-GRANJA KM 26";"neutro";"Colocando atendentes mais simpáticas para trabalhar, não com cara de ""acabou o meu sossego"".
Se vc quer ajudar, seja simpática. Simples assim";"loja_fisica";"atendimento";"atendimento";""
"L5033-SANTANA (0868)";"neutro";"Atendimento do caixa precisa melhor";"loja_fisica";"atendimento";"atendimento";""
"L5058-JD. BONFIGLIOLI (1291)";"neutro";"Comprei uma carne moída, o cheiro estava muito forte..";"produto";"produto";"produto";""
"L5176-BRAGANCA PAULISTA";"detrator";"Estive na loja de Bragança Paulista no ultimo domingo, sempre estou por la e o atendimento sempre foi ótimo, mas dessa ultma vez, estava com dificuldade de achar certo produto, cheguei ate o moço que estava repondo mercadoria, dei bom dia e perguntei se ele podia me ajudar, fui completamente ignorada. Achei que ele nao tivesse ouvido, e ainda fiquei perto por alguns instantes esperando que ele virasse. Ele virou e me olhou de cara feia. Achei sozinha, pensei em comentar com a moça que também estava no caixa, mas ela também estava com cara de poucos amigos. Foi a primeira vez que isso ocorreu na unidade. Sei que as vezes clientes sao chatos, e sempre me coloco no lugar de quem está trabalhando final de semana e tento ser o mais gentil e breve possivel, mas infelizmente o atendimento deixou a desejar.";"promocoes_fidelidade";"entrega_logistica";"atendimento";""
"L5019-ANGELICA (0684)";"detrator";"Não concordei com a quantidade que mandaram e obviamente o preço foi além do que queria.
Vcs decidem o tamanho das coisas.
Fora isso,pensei que viria no dia da compra.
Moro na Rua Cotoxó em Perdizes, que é um local cheio de lojas Swift.
A loja que mandou não era do bairro.
Não entendi.
";"abastecimento";"";"entrega_logistica";""
"L5266-MATEO BEI";"neutro";"Não tinha pão de alho nem queijo coalho.";"produto";"abastecimento";"abastecimento";""
"L5232-PARQUE ECOLOGICO";"detrator";"Organizar num mesmo local e freezer os produtos específicos; por exemplo: cortes temperados > todos no mesmo freezer. ontem tive dificuldade p encontrar pois estavam espalhados os cortes tempestados";"abastecimento";"loja_fisica";"loja_fisica";""
"L5214-SAO MIGUEL";"detrator";"atendimento da loja já foi muito melhor, agora colaboradores já não são mais atenciosos, ficam conversando, já gostei mais do atendimento.";"loja_fisica";"atendimento";"atendimento";""
"L5136-RIB.PRETO ALTO DA BOA VISTA";"promotor";"Ter mais opções de cerveja";"loja_fisica";"produto";"produto";""
"L5146-ITATIBA";"neutro";"Melhorando no valor dos produtos";"abastecimento";"promocoes_fidelidade";"promocoes_fidelidade";""
"L5114-106 ASA SUL";"neutro";"tive problemas com a entrega... veio por meio de Uber, cara estava com localização errada,...ficou nervoso...queria que eu fosse ao encontro dele...no local que ele tinha como endereço...bem estranho, pois passei endereço correto.";"abastecimento";"entrega_logistica";"entrega_logistica";""
"L5123-SAO VICENTE";"promotor";"Os preços podem ser mais baixos?";"outros";"promocoes_fidelidade";"promocoes_fidelidade";""
"L5195-LEME";"detrator";"Qualidade da carne é péssima.";"produto";"produto";"produto";""
"L5127-SAO ROQUE";"promotor";"Gostei muito  veio direitinho  ,bem embalado  ,e os produtos  de boa qualidade  ,,já comprei  outras vezes e continuarei comprando  .";"produto";"produto";"produto";""
"L5251-JANGADEIROS";"promotor";"Me dando um bolsa térmica.";"loja_fisica";"produto";"produto";""
"L5097-JUNDIAI (1404)";"neutro";"Muitos produtos faltantes para minha localidade. O App não funciona, nem consigo terminar o cadastro; tenho que fazer o pedido pelo site.";"entrega_logistica";"entrega_logistica";"entrega_logistica";""
"L5259-ALL WAYS MALL";"promotor";"Acho que a expansão da marca seria o ideal, os produtos são de qualidade os preços de alguns produtos são bons";"outros";"loja_fisica";"loja_fisica";""
"L5103-ATIBAIA (1454)";"neutro";"Poderia melhorar a qualidade das carnes da Marca Swift. Carne de linha 2 e duras.";"outros";"produto";"produto";""
"L5223-CAMPO LIMPO";"promotor";"Volto a dizer, como sempre venho opinando, que as porções de costelinha de porco temperadas, poderiam vir em pesos igual ou inferior a 500gr. Tendo em vista que o produto é congelado em peça, seria interessante que atendesse também a pessoas que moram sozinhas, para o dia a dia.";"abastecimento";"abastecimento";"abastecimento";""
"L5098-AUTONOMISTAS (1405)";"promotor";"Melhor que isso, não tem!";"loja_fisica";"outros";"outros";""
"L5230-LARGO DO MACHADO";"detrator";"Sempre gostei dos produtos da Swift, porém gostaria de registrar aqui minha decepção com o último produto comprado.
O produto foi o ""Espetinho de Panceta Temperada"" ao qual na embalagem a informação diz ""Carne temperada congelada de suíno"", porém o que veio nos espetinhos foi gordura e banha pura ! Quase 60% dos espetinhos eu tive que jogar fora porque não era espetinho de carne com gordura e sim, gordura com lascas de carne. Um absurdo ! Não pude dar um espetinho para minha filha porque seria um crime dar gordura para uma criança comer. Foi quase tudo para o lixo ! O detalhe foi que eu comprai mais de um pacote e todos estavam da forma forma. Não sei como o controle de qualidade da Swift pode deixar passar um produto de tão má qualidade assim. Para mim, foi decepção pura. Péssimo !";"abastecimento";"produto";"produto";""
"L5201-ANA COSTA";"detrator";"Atendimento péssimo, abaixo de zero pela funcionária do caixa que pela minha compra vcs irão conseguir identificar aí. A loja estava vazia , ela com pressa , conversando com outra funcionária, sem dar atenção ao que eu perguntava e  total descaso .Por último pedi pra colocar uma outra sacola de reforço pois comprei duas mercadorias e tb por estarem congeladas e a embalagem ser plástico e pontiagudo poderia rasgar facilmente, antes mesmo de eu terminar ar de pedir educadamente , ela já deu quase que um grito em tom bem alto : Eu vou colocaaaaaar , fiquei tão constrangido que peguei minha compra e saí todo sem graça da loja . Atendimento simplesmente ridículo.";"abastecimento";"atendimento";"atendimento";""
"L5250-VILA RICA";"detrator";"desorganização  na fila de atendimento.";"loja_fisica";"atendimento";"atendimento";""
"L5020-VILA MARIANA 2 (0779)";"promotor";"Dar créditos aos clientes pela fidelidade. Não existe qquer ganho por ser fiel a Swift";"promocoes_fidelidade";"promocoes_fidelidade";"promocoes_fidelidade";""
"L5209-ITABERABA";"neutro";"Resolver referente ao valor cobrado e valor faturado";"abastecimento";"promocoes_fidelidade";"promocoes_fidelidade";""
"L5155-SUZANO";"neutro";"Comprei uma costela direto ao forno segui as instruções, porém o tempo de cozimento foi muito muito maior que o citado na embalagem para o peso do produto";"abastecimento";"produto";"produto";""
"L5266-MATEO BEI";"detrator";"Tendo mais qualidade clareza a oferecer";"abastecimento";"abastecimento";"abastecimento";""
"L5242-RECREIO";"neutro";"Eu compro todo mês,fiz uma reclamação sobre produto entregue fora da qualidade e não obtive nenhuma resposta. Falta de atenção com o consumidor.";"promocoes_fidelidade";"produto";"produto";""
"L5071-BELA VISTA (1326)";"promotor";"Há tempos não encontro a Tulipa temperada SWIFT. Eu gosto apenas dela justamente por ser congelada individualmente. A marca que está sendo comercializada não tem essa característica, o que torna impossível preparar uma pequena quantidade.";"outros";"abastecimento";"abastecimento";""
"L5232-PARQUE ECOLOGICO";"promotor";"primeira vez que fui à loja e realmente me impressionou muito pelo atendimento, presteza e limpeza, fora a qualidade e preço. parabéns";"atendimento";"atendimento";"atendimento";""
"L5158-LEBLON";"promotor";"Eu amo os produtos e gostaria de receber as ofertas";"promocoes_fidelidade";"promocoes_fidelidade";"promocoes_fidelidade";""
"L5059-TUTOIA (1294)";"promotor";"Abastecimento e promoções.";"promocoes_fidelidade";"promocoes_fidelidade";"promocoes_fidelidade";""
"L5204-ITAQUA";"promotor";"MUITO BOM ENTREGA PERFEITA NO HORARIO, PARABENS..";"entrega_logistica";"entrega_logistica";"entrega_logistica";""
"L5261-UNIMART";"detrator";"Carne moida de patinho estragada";"produto";"produto";"produto";""
"L5148-PARQUE DO CARMO";"promotor";"Guilherme realizou um excelente atendimento para nós, com dica de carne, e outros ítens para churrasco.";"produto";"atendimento";"atendimento";""
"L5248-SBC PEREIRA BARRETO";"neutro";"Sei que foi um dia de reposição de estoque e prateleira. Entretanto, não seria motivo de falta de tantos produtos.(ex: peito de frango, filé mignon suíno, e outros.
Desta vez, percebi que as carnes estavam menos limpas nos cortes. Comparando com compras anteriores.";"abastecimento";"abastecimento";"abastecimento";""
"L5056-PENHA (1285)";"detrator";"Melhorar as peças de carne , como no começo da loja.";"produto";"produto";"produto";""
"L5242-RECREIO";"neutro";"frango de padaria nunca mais econtrei";"produto";"abastecimento";"abastecimento";""
"L5277-VILA CURUCA (NORDESTINA)";"promotor";"Atendentes são bem educados loja sempre limpa";"loja_fisica";"atendimento";"atendimento";""
"L5141-ALTO TAQUARAL";"neutro";"Comprei uma kafta e estava totalmente cheia de nervos, porém pela qualidade(ruim)preço bem elevado.";"produto";"produto";"produto";""
"L5042-IPIRANGA (1237)";"neutro";"Deixar coerente as promoções onde os valores com real desconto seja aparente e não em ""letras miúdas"" indicando que valida se comprar dois de cada.";"abastecimento";"promocoes_fidelidade";"promocoes_fidelidade";""
"L5103-ATIBAIA (1454)";"detrator";"Uma fila de 7 pessoas e uma atendente de caixa apenas. Um absurdo e total falta de respeito com o cliebte. Essa loja de Atibaia deveria fechar pelo péssimo atendimento que presta aos clientes";"loja_fisica";"atendimento";"atendimento";""
"L5025-PANAMBY (0817)";"promotor";"Cuidar bem dos seus colaboradores, São pessoas maravilhosas, atenciosos, mais um pouco sobrecarregados";"loja_fisica";"atendimento";"atendimento";""
"L5185-CLODOMIRO";"promotor";"Mais ofertas leve mais e pague menos.";"promocoes_fidelidade";"promocoes_fidelidade";"promocoes_fidelidade";""
"L5047-SAO BERNARDO (1255)";"neutro";"preços mais baratos";"outros";"promocoes_fidelidade";"promocoes_fidelidade";""
"L5218-PARELHEIROS";"neutro";"Fui comprar um produto estava em falta";"abastecimento";"abastecimento";"abastecimento";""
"L5233-MONGAGUA";"promotor";"Poderiam dar brindes por comprar acima
Dos 100 reais";"abastecimento";"outros";"promocoes_fidelidade";""
"L5116-ENSEADA";"neutro";"Alguns atendentes parecem não gostar de falar das ofertas, que estão sinalizadas, isso varia de loja para loja.";"abastecimento";"atendimento";"atendimento";""
"L5159-COTIA KM 39";"promotor";"Loja sempre impecável. Atendimento nota 10! Satisfeita";"loja_fisica";"atendimento";"atendimento";""
"L5182-SAO JOSE DO RIO PRETO (DAMHA)";"detrator";"Os atendentes não tem tempo de sugerir ou ajudar pois são poucos para o volume da loja ,estão repondo mercadoria e fazendo venda.
Os produtos são variados mais a qualidade não acompanha o padrão Swift.
Faltou alguns produtos anunciados na loja com cartaz e não tinha mais no estoque.
Na loja do dama tinha freezer quebrado .
A quantidade de produtos ofertados no site são poucos na gôndola para escolher.
Caiu muito o padrão de qualidade da marca. Infelizmente.";"abastecimento";"produto";"produto";""
"L5068-BOSQUE DA SAUDE (1321)";"neutro";"O estacionamento poderia ser melhor. Bastante difícil sair à noite das vagas que ficam mais perto do ponto de ônibus, porque, além do próprio ponto, tem um poste de luz ou de placa de sinalização que dificulta bastante a manobra.";"abastecimento";"loja_fisica";"loja_fisica";""
"L5059-TUTOIA (1294)";"detrator";"MELHOREM O SISTEMA APP
MELHOREM NAS ENTREGAS
HORÁRIO QUE O CLIENTE
PRECISA

SE,COMPRAS  E
NÃO TER CERTOS PRODUTOS?

PROPRIO SISTEMA APAGA!";"entrega_logistica";"entrega_logistica";"entrega_logistica";""
"L5151-PINDAMONHANGABA";"neutro";"Abaixando o preço dos produtos,  principalmente da carne.";"abastecimento";"promocoes_fidelidade";"promocoes_fidelidade";""
"L5102-POMPEIA DESEMBARGADOR (1449)";"promotor";"Só tenho que agradecer! Todos  colaboradores principalmente Joelma e geovana";"loja_fisica";"atendimento";"atendimento";""
"L5047-SAO BERNARDO (1255)";"promotor";"Vcs são  muitos bom não.precisa melhora em nada tudo ótimo  já aproveitando gostaria de sabe se vcs poderia nos ajudar com alguma doação pra nós realizarmos uma festinha pra crianças. Agora no mês delas são poucas crianças e da igreja  dez de já meu muito obrigado";"atendimento";"outros";"outros";""
"L5101-CIDADE SAO FRANCISCO (1432)";"promotor";"Caio e a gerente Maria Eduarda muito simpáticos. Precisava escolher carne pra 15 pessoas me ajudaram a escolher os melhores cortes.";"loja_fisica";"atendimento";"atendimento";""
"L5176-BRAGANCA PAULISTA";"promotor";"Tudo perfeito  local e qualidade.";"produto";"loja_fisica";"loja_fisica";""
"L5059-TUTOIA (1294)";"neutro";"A loja na rua Tutoia esta sempre com falta de produtos e caixas e mais caixas de produtos no meio da loja dando uma impresão de algo desorganizado .Além de muitos produtos que não são da Swifit ocupando espaços que antes estavam livres para o cliente circular pela loja.";"abastecimento";"abastecimento";"loja_fisica";""
"L5102-POMPEIA DESEMBARGADOR (1449)";"neutro";"Não encontrei lombo temperado, não encontrei pernil";"produto";"abastecimento";"abastecimento";""
"L5252-14 DE DEZEMBRO";"neutro";"O bife de chorizo não estava tão bom assim e veio com alguns pedaços de nervos.";"outros";"produto";"produto";""
"L5178-PERIMETRAL";"detrator";"Na loja que fui estava faltando vários produtos.";"abastecimento";"abastecimento";"abastecimento";""
"L5021-VILA SAUDE (0782)";"neutro";"Geladeira c pouquíssimas peças de fraldinha..";"abastecimento";"abastecimento";"abastecimento";""
"L5106-GUILHERMINA (1516)";"neutro";"Parar de enganar o cliente com dois preços para o mesmo produto.";"abastecimento";"atendimento";"atendimento";""
"L5078-CAMPO BELO 2 (1342)";"detrator";"Entregaram o pedido errado e ainda não corrigiram o erro ????????????????????????????";"entrega_logistica";"entrega_logistica";"entrega_logistica";""
"L5207-SANTO ANDRE ORATORIO";"detrator";"O caixa se negou a receber o vale alimentação 
Dizendo q estava com problemas 
Mais na verdade nem mesmo tentou 
E no caso de ter mesmo o problema ...teria q ser feito antes das compras e nao no caixa ... atendimento final ......
Detalhe a loja recebe ...vale alimentação 
Mais essa em si ....ta sempre com problemas";"promocoes_fidelidade";"atendimento";"atendimento";""
"L5005-BROOKLIN (0475)";"neutro";"Comprei um patinho para strogonoff, mas tinha muito nervo na carne. Tá certo que não era um filé mignon, mas tive a sensação de que o preparo dos pacotes é composto por uma quantidade pré-determinada de carne normal e carne com nervo.";"produto";"produto";"produto";""
"L5100-INTERLAGOS (1431)";"promotor";"Deveríamos ser informados das promoções das lojas.
Deixei meu numero com a atendente do caixa para ser incluída no grupo da loja, para saber das promoções , mas não aconteceu.";"promocoes_fidelidade";"promocoes_fidelidade";"promocoes_fidelidade";""
"L5202-VILA CAICARA";"promotor";"foi o melhor atendimento que tive dentro de uma loja swift";"loja_fisica";"atendimento";"atendimento";""
"L5054-PLANALTO (1279)";"neutro";"Repondo o que falta. Um simples filé de frango, não encontrei. Carnes bovinas muito gordurosas. Mais sebo que carne. Acém e músculo picados é muito ruim.";"produto";"abastecimento";"abastecimento";""
"L5106-GUILHERMINA (1516)";"neutro";"Tirar os TRANGÊNICOS. Observei que esse produto tem aumentado muito na Swift";"abastecimento";"abastecimento";"produto";""
"L5207-SANTO ANDRE ORATORIO";"promotor";"Ultimamente está faltando alguns produtos na loja,seus vendedores alegam que os caminhões estão trazendo pouca mercadoria";"abastecimento";"abastecimento";"abastecimento";""
"L5097-JUNDIAI (1404)";"detrator";"O medalhão de picanha nao estava bom. Parece colchão duro.";"produto";"produto";"produto";""
"L5013-GRANJA VIANA (0545)";"detrator";"Não recebi meu pedido , recebi a notificação falando que foi entregue, porém não recebi";"entrega_logistica";"entrega_logistica";"entrega_logistica";""
"L5051-VILA PRUDENTE (1276)";"promotor";"Atendimento muito bom nessa loja.
Parabéns a equipe!";"produto";"atendimento";"atendimento";""
"L5245-MAUA 2";"neutro";"Melhorando os preços";"atendimento";"promocoes_fidelidade";"promocoes_fidelidade";""
"L5024-VALINHOS (0814)";"promotor";"Ter opção  de espeto de queijinho com orégano";"promocoes_fidelidade";"produto";"produto";""
"L5141-ALTO TAQUARAL";"neutro";"Melhora no preço";"abastecimento";"promocoes_fidelidade";"promocoes_fidelidade";""
"L5268-TIBURCIO";"promotor";"Nada há a acrescentar.";"atendimento";"outros";"outros";""
"L5184-PRACA VARNHAGEM";"neutro";"Melhorando os preços";"atendimento";"promocoes_fidelidade";"promocoes_fidelidade";""
"L5241-ITAPEVI";"detrator";"Maior responsabilidade com o cliente! Entregador não faz a entrega, a empresa não me avisa, tento entrar em contato sou atendido apenas por uma URA que manda retornar a ligação segunda-feira apos as 9h! tenho que cancelar um churrasco em familia e ainda oerguntam sobre ""grau de satisfação""? so pode ser brincadeira ou sacanagem";"entrega_logistica";"entrega_logistica";"entrega_logistica";""
"L5074-VOLUNTARIOS DA PATRIA (1335)";"neutro";"Melhorar no atendimento, passei num caixa sujo, com uma atendente jogando meu pão congelado em cima da sujeira, mal humorada.
A loja estava com 02 atendentes e só uma realmente atendendo no caixa.";"loja_fisica";"atendimento";"atendimento";""
"L5160-GUARATINGUETA";"promotor";"Acho que alguns ítens vêm com muito sal. Por exemplo espetinho de frango e às vezes a kafta. Seria interessante que avaliassem esta questão.";"abastecimento";"produto";"produto";""
"L5093-PERDIZES 2 (1376)";"neutro";"O pedido atrasou mais de 20 minutos, mesmo sendo uma entrega programada";"entrega_logistica";"entrega_logistica";"entrega_logistica";""
"L5160-GUARATINGUETA";"neutro";"Um sistema de cashback ou com descontos melhores para clientes frequentes seria ótimo!";"promocoes_fidelidade";"promocoes_fidelidade";"promocoes_fidelidade";""
"L5188-CAJAMAR";"detrator";"Falta de funcionários,  fazendo faltas o quais já sabiam o que eu procurava na loja, tinha um atendimento humanizado, o atendimento pelo funcionário Eduardo transmitia, gentiliza confiança , em tudo ajudava, agora  os funcionários não conseguem transmitir isso por evidente excesso de trabalho  e capacitação. pensem que sou cliente continua por enquanto e devem preservar.";"loja_fisica";"loja_fisica";"atendimento";""
"L5188-CAJAMAR";"detrator";"Atrasou 6hs, alfumas peças selecionadas fora do padrão. O meu churrasco não poder feito com esta carne, conatrangimento perante os meu falimiares";"produto";"entrega_logistica";"entrega_logistica";""
"L5065-LINS DE VASCONCELOS (1313)";"promotor";"Tudo maravilhoso. Saudades do atendimento do Felipe Silva.";"produto";"atendimento";"atendimento";""
"L5061-BOSQUE MAIA (1304)";"detrator";"Mais uma vez fui na loja Bosque Maia, e algum item não tinha, dessa vez foi a alcatra em bife.";"outros";"abastecimento";"abastecimento";""
"L5086-PORTAL DO MORUMBI (1352)";"promotor";"Atendimento muito bom da Dani ,senti falta da Débora que me atendeu da última vez atendimento nota mil";"loja_fisica";"atendimento";"atendimento";""
"L5220-PLANALTO";"promotor";"Já sou cliente da Swift há algum tempo e sempre fiquei muito satisfeito com os produtos e o atendimento das lojas em São Bernardo do Campo. Eu recomendo a todos!";"loja_fisica";"produto";"atendimento";""
"L5002-ALPHAVILLE (0290)";"neutro";"As compras com Frete Grátis em até 24 horas, é muito incerta, pois tudo dependerá do Cronograma da loja, não existe um rastreamento ou um horário para a entrega, tudo o que sabemos, é que temos que ficar em casa, esperando a compra, pois pode chegar a qualquer momento e o SAC, fica completamente perdido, sobre o que fazer, pois a loja não dá satisfação a eles.";"abastecimento";"entrega_logistica";"entrega_logistica";""
"L5281-OLIVEIRA FREIRE";"promotor";"Melhorando em ofertas e promoções.";"promocoes_fidelidade";"promocoes_fidelidade";"promocoes_fidelidade";""
"L5062-ASSUNCAO (1310)";"neutro";"Falta de preços nos produtos e promoções que induzem o consumidor ao erro.";"loja_fisica";"loja_fisica";"promocoes_fidelidade";""
"L5039-ZELINA (1208)";"neutro";"Parcelar todas as compras";"produto";"outros";"outros";""
"L5202-VILA CAICARA";"promotor";"Para mim, perfeito !";"produto";"outros";"outros";""
"L5113-ANASTACIO";"detrator";"Fiquei Chateada com. O atendimento
Nunca Tem troco, Não fui bem atendida, Sou cliente de muitos anos., Hoje Deixou a desejar.";"atendimento";"atendimento";"atendimento";""
"L5223-CAMPO LIMPO";"detrator";"Em relação a qualidade dos produtos, gostaria de sugerir que na linha de alimentos temperados, não fossem adicionados temperos como glutamato de sódio, dando prioridade a temperos naturais como o sal integral (não refinado), cúrcuma, páprica, pimenta branca, ervas finas como ervas de provence, tomilho e alecrim. 
Além disso, gostaria de salientar que me senti muito constrangida e acoada durante todo o tempo devido a perseguição do segurança da loja, achei a conduta profissional muito intimidativa,  que eu nunca tinha visto em nenhum outro estabelecimento comercial. 
Já a atendente do CAIXA foi de uma atenção, educação e simpatia primoroza. 
";"abastecimento";"atendimento";"produto";""
"L5282-PARQUE OLIMPICO";"promotor";"Muito caro !!! Só entro lá quando não encontro em outros supermercados pela metade do preço ?";"outros";"promocoes_fidelidade";"promocoes_fidelidade";""
"L5161-ITANHAEM";"promotor";"Prezados Senhores, não tenho dado muita sorte na compra dos produtos.Algumas vezes acerto no produto e outras vezes não. Compro sempre picanha e dura parece carne de 2a. Alcatra em bifes a mesma coisa é vem com retalhos.
Outros produtos de excelente qualidade sim.
Muito obrigado.";"abastecimento";"produto";"produto";""
"L5074-VOLUNTARIOS DA PATRIA (1335)";"detrator";"Vocês.estao em um local excelente porém o estacionamento está sempre cheio de veículos dr pessoas que não estão na loja. No último dia precisei dar voltas para achar uma vaga pois só tinham as vagas especiais e não tenho direito a usá-las. A lateral estava com todas as vagas ocupadas e apenas 1 cliente na loja. Lamentável";"promocoes_fidelidade";"loja_fisica";"loja_fisica";""
"L5180-FREI CANECA";"promotor";"Tudo perfeito!! Parabéns swift";"produto";"outros";"outros";""
"L5173-PERUIBE";"neutro";"Dessa ultima compra fui bem atendido pelo rapaz da loja que me orientou em comprar a carne correta, a penúltima vez tinha comprado um Contra filet COMBO e foi horrível, muito duro.
";"produto";"atendimento";"atendimento";""
"L5221-BARUERI (BETHAVILLE)";"detrator";"esperos de carne muito engordurados";"produto";"produto";"produto";""
"L5132-CANTO DO FORTE";"neutro";"Sou cliente antiga dessa loja por morar perto, nunca aconteceu mas o atendimento ontem foi péssimo.";"produto";"atendimento";"atendimento";""
"L5156-JARDIM PRUDENCIA";"promotor";"Loja muito bem Organizada. Funcionários muito bem treinados e comprometidos. Loja muito bem limpa , funcionários com sorriso no rosto. Fui muito bem atendido. Vcs estão de Parabéns!!!";"atendimento";"loja_fisica";"loja_fisica";""
"L5058-JD. BONFIGLIOLI (1291)";"neutro";"Pondo mais produtos igual a loja";"loja_fisica";"abastecimento";"abastecimento";""
"L5103-ATIBAIA (1454)";"detrator";"Era entre 19 e 20 da noite, havia muitos clientes na loja.
Uma fila começa a se formar e apenas 1 caixa aberto, enquanto os outros funcionários abriam caixas e recolocavam produtos nos refrigeradores.

Acredito que tenha faltado um pouco de organização, pois perceberam tarde demais a necessidade de mais um caixa aberto, pelo menos.

";"loja_fisica";"loja_fisica";"atendimento";""
"L5147-ROLAND GARROS";"promotor";"A fila estava grande e ninguém no caixa! Estavam brincando entre eles e o som da loja estava altíssimo, atrapalhando a concentração!";"loja_fisica";"loja_fisica";"atendimento";""
"L5031-PERDIZES (0860)";"neutro";"estacionamento lotado de carros de NÃO usuários da loja, falta de opções exemplo carne moída de 1 Kg, sendo que não é a 1 vez que ocorre, gondola com mistura de produtos, carne e brócolis congelados, diversos produtos não apresentavam os preço nas gondolas, somente no caixa.";"abastecimento";"loja_fisica";"loja_fisica";""
"L5048-SJC ANDROMEDA (1261)";"promotor";"Parabéns a todos !";"atendimento";"outros";"outros";""
"L5017-LEOPOLDINA (0576)";"neutro";"Custo do Frete.";"abastecimento";"entrega_logistica";"entrega_logistica";""
"L5230-LARGO DO MACHADO";"detrator";"Comprei uma picanha fatiada para churrasco,além de outras coisas, para o  dia das mães. Experiência muito ruim. Muito dura. Provavelmente não era picanha. Éramos três famílias. Causou uma péssima impressão. E as outras duas famílias ainda não tinham comprado produtos da Swift por desconfiança da qualidade. Eu fiquei de fazer as compras e desfazer esta impressão negativa. Só reforçou e agora quem ficou “desconfiado” ( não confio como confiava) foi eu.";"produto";"produto";"produto";""
"L5050-SOROCABA W.LUIZ (1273)";"detrator";"Bom dia, alguém p atender";"abastecimento";"outros";"outros";""
"L5268-TIBURCIO";"detrator";"A carne moída tava horrível ta aqui sem fazer nao gostei queria trocar por outra coisa";"abastecimento";"produto";"produto";""
"L5098-AUTONOMISTAS (1405)";"promotor";"Gabriel foi um ótimo atendimento";"promocoes_fidelidade";"atendimento";"atendimento";""
"L5127-SAO ROQUE";"neutro";"Manter com mais regularidade os produtos,";"promocoes_fidelidade";"produto";"produto";""
"L5099-VILA MATILDE (1421)";"promotor";"Nessa última compra .comprei um pernil de cordeiro qualidade péssima 
Sempre compro aí cm muita qualidade 
Mais dessa vez estava horrível";"produto";"produto";"produto";""
"L5035-TREMEMBE (0875)";"promotor";"Buscar acordos com fornecedores para redução de preço para o consumidor 
";"abastecimento";"promocoes_fidelidade";"promocoes_fidelidade";""
"L5044-INDAIATUBA (1243)";"detrator";"O app da Swift e o pior que já vi. Lento demais, não mantem o carrinho, coloca produto como disponivel e quando vai encerrar compra diz que ha itens indisponiveis. Pedi para entregar em casa com horario escolhido e veio aviso que foi para retirada em loja .So recebi graças à Swift Resolve. Os apps do Pão de Açucar, Raia, Americanas, são excelentes";"abastecimento";"abastecimento";"entrega_logistica";""
"L5154-RIO CLARO";"promotor";"Não achei o prato feito de tilapia";"produto";"loja_fisica";"abastecimento";""
"L5127-SAO ROQUE";"detrator";"vendedores não souberam  mim explicar";"produto";"atendimento";"atendimento";""
"L5086-PORTAL DO MORUMBI (1352)";"neutro";"Tudo ok la loja, sem promoções e itens com preços acima do mercado. O ponto negativo é pessoas sempre pedindo bem na entrada da loja. Já dei uma vez, quando não quis mais doar, me sinti coajida. Seria bom o segurança intervir.";"atendimento";"loja_fisica";"loja_fisica";""
"L5092-VILA AUGUSTA (1374)";"neutro";"Já procurei outras vezes o bolinho de bacalhau, novamente não encontrei (acho que este deve ter uma boa saída)... rs. Sugiro aumentar o pedido. Fora isto, acho a loja bem diversificada, tem uma gama grande de produtos. Obg.";"produto";"abastecimento";"abastecimento";""
"L5156-JARDIM PRUDENCIA";"promotor";"Ja está ótimo continuem assim";"loja_fisica";"outros";"outros";""
"L5058-JD. BONFIGLIOLI (1291)";"detrator";"Vocês deixam uma pessoa suspeita e inconveniente ficar pedindo na frente da loja. Incomoda muito. O sujeito ainda reclama quando não damos nada, como se fosse obrigação nossa sustentá-lo.";"abastecimento";"loja_fisica";"loja_fisica";""
"L5123-SAO VICENTE";"detrator";"Estacionei o carro e na hora de sair foi colocado um cabo de aço atrás do carro, bati no cabo e parei pois não fui avisado . Meu carro será avaliado. O cidadão que fez isto foi malcriado e evasivo, sou cliente e nada justifica tal atitude. A empresa deve escolher pessoas educadas para falar com seus clientes. Porque colocar um cabo de aço atrás de um carro estacionado, antes que ele saia e sem avisar? Por favor preparem melhor seus funcionários.";"promocoes_fidelidade";"loja_fisica";"loja_fisica";""
"L5016-ANDRADINA (0573)";"neutro";"Separar melhor os produtos quando estão em ofertas como combo, colocam os produtos misturados no mesmo separador do frizer e quando vc vai ao caixa para pagar fica com cara de quem foi enganado pq o preço que está marcado na oferta não é o que vc paga";"abastecimento";"loja_fisica";"promocoes_fidelidade";""
"L5004-CAMPO BELO (0448)";"promotor";"Melhorar o custo benefício ao cliente.";"abastecimento";"promocoes_fidelidade";"promocoes_fidelidade";""
"L5165-MOGI DAS CRUZES MOGILAR";"promotor";"Brindes para os clientes";"promocoes_fidelidade";"promocoes_fidelidade";"outros";""
"L5040-GUARULHOS (1211)";"promotor";"Na hora de escolher o tipo de pagamento, principalmente sendo Pix, algumas vezes da um erro inesperado e eu tenho que fazer o carrinho novamente";"promocoes_fidelidade";"outros";"outros";""
"L5090-NORTE SUL (1365)";"detrator";"Qualidade da linguiça toscana fina na ultima compra deixou a desejar. Produto cheio de pedaços de osso.";"produto";"produto";"produto";""
"L5105-DOM PEDRO I (1457)";"neutro";"Preços,  qualidade (carne moída). Som ambiente (péssimo).";"produto";"produto";"produto";""
"L5039-ZELINA (1208)";"promotor";"Super recomendo! Fui super bem atendida.";"atendimento";"atendimento";"atendimento";""
"L5047-SAO BERNARDO (1255)";"neutro";"Os preços praticados no país são altos, somos o maior exportador de carne do mundo, ficamos com as de menor qualidade e ainda pagamos um valor elevado devido a demanda. A carne no Brasil é produzida em real, mas é nos vendida em dólar.";"abastecimento";"promocoes_fidelidade";"promocoes_fidelidade";""
"L5145-TAMBORE";"promotor";"Gosto de compra lá loja sempre bem atendido pelas funcionárias bem educadas em destaque agradeço o atendimento da profissional SILENE";"atendimento";"atendimento";"atendimento";""
"L5040-GUARULHOS (1211)";"detrator";"Rapidez no atendimento na hora do pagamento .";"promocoes_fidelidade";"atendimento";"atendimento";""
"L5084-GUAIPA (1349)";"neutro";"achei difícil de  achar os produtos, e não tinha nenhum funcionário disponível, até porque só tinha 1 que precisei solicitar para me ajudar.";"abastecimento";"atendimento";"atendimento";""
"L5077-OSCAR FREIRE (1341)";"detrator";"poucos produtos prontos para comer vários tipos de macarrão estavam em falta , precisa melhorar";"loja_fisica";"produto";"produto";""
"L5069-AGUA RASA (1322)";"detrator";"A picanha estava dura";"produto";"produto";"produto";""
"L5071-BELA VISTA (1326)";"promotor";"No horário que fui estavam organizando, mas estava uma bagunça, não conseguia nem passar no corredor do fundo.
Peguei polvo e estava sem preço.
Outra vez fui na mesma loja e nenhum produto tinha preço.
Sei que tem o momento de reabastecer, mas bem desorganizado lá.";"abastecimento";"loja_fisica";"loja_fisica";""
"L5068-BOSQUE DA SAUDE (1321)";"promotor";"Está ótimo. Parabéns para  a atendente Duda,pelo seu atendimento.";"loja_fisica";"atendimento";"atendimento";""
"L5116-ENSEADA";"neutro";"Não encontrei o mignon em cubo e não havia paella ????! E eu fui até lá para isso. Não encontrei nenhum atendente que pudesse ajudar. Parece que tinha só uma pessoa na loja, por isso estou em dúvida: recomendo ou não?!";"produto";"abastecimento";"produto";""
"L5184-PRACA VARNHAGEM";"promotor";"acho que um pequeno banner em cada geladeira dizendo que produtos se encontram la";"abastecimento";"loja_fisica";"loja_fisica";""
"L5077-OSCAR FREIRE (1341)";"detrator";"Faltam diversis produtos, temperos... tem no site mas nunca na loja e gosto de comprar presencial";"produto";"abastecimento";"abastecimento";""
"L5054-PLANALTO (1279)";"detrator";"Melhorar na emissão da Nota Fiscal (Danfe) e a espera muito demorada para emissão da Nota Fiscal.. Foi pago um valor e na NF vrio outro valor.";"loja_fisica";"outros";"loja_fisica";""
"L5127-SAO ROQUE";"detrator";"Alem de nao ter quase nada na loja, a picanha que peguei veio com nervos e com uma qualidade inferior as demais vezes que comprei.";"abastecimento";"produto";"abastecimento";""
"L5001-RIBEIRAO PRETO (0217)";"detrator";"A bandeja de carne de picanha fizemos e esta dura.";"produto";"produto";"produto";""
"L5101-CIDADE SAO FRANCISCO (1432)";"detrator";"Comprei 4 latas de atum gomes da costa no sabado, promoção da Black, leve quatro pague 3, o desconto dado não confere com a promoção.";"abastecimento";"promocoes_fidelidade";"promocoes_fidelidade";""
"L5242-RECREIO";"detrator";"Embalagem do pão congelado (08 unidades, 480g). O que era ruim, conseguiram piorar. Era transparente, os pães ficavam entulhados e era impossível empilhar na geladeira, de modo plano, economizando espaço, que é diminuto num congelador doméstico. Tinha que abrir a embalagem, tirar um dos pães, e somente aí dava para deixar a embalagem plana  e conseguir empilhar. Pois bem, agora fizeram uma embalagem bege, fica mais difícil manusear os pães para deixar a embalagem plana. Resumindo: ao invés de modificarem a embalagem, para permitir que os pães fiquem planos, e permitir o empilhamento, fizeram uma capa bege que atrapalha ainda mais. Outro ponto: façam um estudo, vejam o quanto de espaço vocês perdem com esssa embalagem atual, já que mais espaço precisa para transportar, e o quanto vocês deixam de expor no congelador da loja. Os pães tem que ser acondicionados numa embalagem que permita ficar 2x 2x 2x 2x ou 4x 4x pães, de modo plano e permitindo empilhar num congelador doméstico. https://loja.swift.com.br/pao-frances-swift-480g/p";"abastecimento";"produto";"produto";""
"L5244-TAGUATINGA SUL";"detrator";"Não devolveram meu pix troco.";"promocoes_fidelidade";"atendimento";"promocoes_fidelidade";""
"L5044-INDAIATUBA (1243)";"detrator";"Gosto muito dos Produtos Swift… mas comprei uma carne preparada para forno direto, que já vem embalada pronta para forno, mas a embalagem abriu logo durante o início o cozimento, mesmo eu tendo seguindo todos os procedimentos da embalagem. A carne ficou muito seca e fez uma sujeira enorme no forno. Melhorem essa embalagem!!!!";"abastecimento";"produto";"produto";""
"L5243-MONTE CASTELO";"promotor";"Sempre compro nessa loja atendimento excelente,e qualidade dos produtos são ótimos não consigo comprar em outro lugar kk";"produto";"atendimento";"produto";""
"L5106-GUILHERMINA (1516)";"promotor";"Neste momento não tenho nada a declarar, está tudo ótimo. Obrigada!";"promocoes_fidelidade";"outros";"outros";""
"L5134-GILBERTO SALOMAO";"neutro";"Moderando melhor os preços, que sempre só aumentam";"loja_fisica";"promocoes_fidelidade";"promocoes_fidelidade";""
"L5153-EMBARE";"promotor";"Já ê muito bom";"produto";"outros";"outros";""
"L5230-LARGO DO MACHADO";"promotor";"Já pedi 2 vezes e foi tudo perfeito. Estou gostando muito da experiência e pretendo fazer minhas compras de ""carnes"" sempre com a Swift.
Seria legal ter um política de descontos ou cupons para clientes que voltam a comprar.";"atendimento";"promocoes_fidelidade";"promocoes_fidelidade";""
"L5031-PERDIZES (0860)";"detrator";"Colocar telefone para sabermos de tem a mercadoria na loja";"abastecimento";"loja_fisica";"loja_fisica";""
"L5034-D. PEDRO LL (0873)";"neutro";"Faltaram produtos que queríamos e o entregador parou em frente ao prédio com o som no último volume no sábado às 9h da manhã como se todos do prédio quisessem ouvir música Gospel. Lamento  profundamente essa atitude. Pelo volume e pelo estilo de música.";"entrega_logistica";"entrega_logistica";"entrega_logistica";""
"L5070-BORGES LAGOA (1323)";"detrator";"Comprei três itens. Só me entregaram um. 
Ficamos em situação difícil no jantar. 
Não deveriam confirmar a venda sem ter o produto. 
Feliz ano novo ao atendente que receber esta mensagem.";"abastecimento";"entrega_logistica";"entrega_logistica";""
"L5210-CAMPANELLA";"detrator";"Adorava comprar o frango resfriado de vcs, porém comprei da marca Seara e achei extremamente duro e muito diferente do que sempre comprei de outras marcas. O pão de queijo também não gostei, pois parece oco, muito diferente do que eu sempre comprei com vcs. Sinceramente estou decepcionada com a qualidade desses produtos que acabei de citar.";"produto";"produto";"produto";""
"L5040-GUARULHOS (1211)";"detrator";"Carne escura e embalagem rasgada";"abastecimento";"produto";"produto";""
"L5116-ENSEADA";"neutro";"App demorou atualizar meu pedido";"produto";"outros";"outros";""
"L5078-CAMPO BELO 2 (1342)";"promotor";"Podem melhorar, na oferta de produtos como verduras congeladas - além das que já possuem. Grato pela oportunidade de opinar";"outros";"produto";"produto";""
"L5071-BELA VISTA (1326)";"neutro";"Precisa melhorar o site.
Perdi o meu carrinho de compras umas 3 vezes";"loja_fisica";"outros";"outros";""
"L5281-OLIVEIRA FREIRE";"detrator";"Contra filé mais duro que já comi na vida nunca mais volto";"produto";"produto";"produto";""
"L5019-ANGELICA (0684)";"promotor";"Tentei duas vezes inserir o complemento de meu endereço,  qual seja, o número de meu apartamento,  mas o sistema não concluía. Isso precisa melhorar, pois um colaborador de vocês teve que me telefonar para saber esse dado.";"promocoes_fidelidade";"outros";"outros";""
"L5062-ASSUNCAO (1310)";"promotor";"Não encontrei a tulipinha sem tempero";"produto";"abastecimento";"abastecimento";""
"L5161-ITANHAEM";"neutro";"Não encontro os produtos que eu mais gosto.";"outros";"abastecimento";"abastecimento";""
"L5160-GUARATINGUETA";"neutro";"Minha primeira compra na empresa foi motivada principalmente pelo pão italiano. Acabei acrescentando outros itens ao pedido e, depois, solicitei a retirada de alguns produtos.
Quando recebi a compra, o pão italiano que foi o principal motivo da minha compra  simplesmente não veio. E em nenhum momento fui avisada sobre a falta do item. Infelizmente, meu jantar foi prejudicado por essa situação.
Faltou consideração e comunicação com o cliente.
Fiquei extremamente decepcionado e não tem mais confiança com a empresa.";"abastecimento";"abastecimento";"abastecimento";""
"L5023-JOSE BONIFACIO (0813)";"neutro";"A carne moída da Swift não é boa. Precisar melhorar MUITO!
Algumas comidas prontas também não são boas.


";"produto";"produto";"produto";""
"L5252-14 DE DEZEMBRO";"neutro";"Acredito que o time de consultores, precisa repor os estoques com maior rapidez. Sempre chego na loja e vários itens estão em falta.";"abastecimento";"abastecimento";"abastecimento";""
"L5139-SBC RUDGE RAMOS";"neutro";"Atendimento medíocre. 
Atendente nem estava ao par de preços e ofertas";"loja_fisica";"atendimento";"atendimento";""
"L5223-CAMPO LIMPO";"neutro";"No caixa OK, nada surpreendente mas tbm nada que desabone. Mas os demais funcionários que ficam repondo os itens, são uns mal educados. Não tem um pingo de simpatia enquanto o cliente está passando ou precisando pegar algo enquanto eles abastecem determinado local. Parece que é uma obrigação do cliente esperar eles terminarem, quando não custa nada dar um sorriso e perguntar se precisamos de algo daquele espaço…. Isso muda a experiência do cliente!";"abastecimento";"atendimento";"atendimento";""
"L5058-JD. BONFIGLIOLI (1291)";"neutro";"Qualidade dos produtos. Pontos de retirada mais próximo e disponibilidade efetiva do produto anunciado";"abastecimento";"produto";"produto";""
"L5087-ALBERTO ANDALO (1353)";"detrator";"Só não gostei da empanada congelada que comprei nem a de carne nem a de cebola nota 4. Na próxima compro só as carnes de vocês que tem excelente qualidade.";"produto";"produto";"produto";""
"L5186-VILA DAS MERCES";"promotor";"Nem sempre encontro o que fui buscar.tinha comprado um frango da seara que frango de padaria já não tinha.";"abastecimento";"abastecimento";"abastecimento";""
"L5127-SAO ROQUE";"detrator";"O funcionario não deve obrigar o cliente a digitar o CPF para realizar a comprar , sempre acontece na loja de são roque , em outras lojas da rede não acontece";"promocoes_fidelidade";"atendimento";"atendimento";""
"L5035-TREMEMBE (0875)";"detrator";"Faltando muitas mercadorias , cortes carnes bovinas e suínas, preços excessivamente caros e o pior a qualidade caiu demais.";"abastecimento";"abastecimento";"abastecimento";""
"L5002-ALPHAVILLE (0290)";"neutro";"Não entendi o cashback pois não está claro no app! Tbm gostaria de ver mais promoções se possível como antes!";"abastecimento";"promocoes_fidelidade";"promocoes_fidelidade";""
"L5002-ALPHAVILLE (0290)";"detrator";"Pelo site adcicionei um produto que estava em falta para entrega a domicilio, mas simplesmente o site nao avisa que nao foi disponibilizado a entrega a domicilio por conta daquele produto/indisponibilidade, ele apenas nao mostra a opcao de entrega a domicilio, e como eu tinha varios produtos no carrinho, fiquei perdido. Foi pelo whatsapp que a atendende me esclareceu isso e avisou qual produto era. Voltei no site, removi ele do carrinho e apareceu a opcao de entrega a domicio. Umas das piores experiencia de usuário e usabilidade que ja vi em ecommerce. Péssimo!";"entrega_logistica";"abastecimento";"entrega_logistica";""
"L5013-GRANJA VIANA (0545)";"promotor";"Equipe muito atenciosa e dedicada, recomendo!";"loja_fisica";"atendimento";"atendimento";""
"L5028-VILA PAULICEIA (0853)";"detrator";"Carne moída estava branca parecia carne de frango moída, aparência de produto velho, comprei também semana passada uma peça de contra filé dura igual pedra carne de boi velho, vergonhoso vender produtos ruins, gostaria de comprar produtos de qualidade e não a marca, ninguém come a marca";"produto";"produto";"produto";""
"L5141-ALTO TAQUARAL";"promotor";"Está tudo  perfeito";"produto";"outros";"outros";""
"L5142-MARILIA";"neutro";"Muitas carnes congeladas do início do ano passado";"abastecimento";"abastecimento";"produto";""
"L5249-SANTA TERESINHA";"promotor";"gosto de tudo";"produto";"outros";"outros";""
"L5235-LOUVEIRA";"neutro";"Pra mim está perfeito ,atendimento maravilhoso ! Parabens";"produto";"atendimento";"atendimento";""
"L5072-SERRA DE JAPI (1330)";"detrator";"Os preços estão muito altos p o meu bolso";"outros";"promocoes_fidelidade";"promocoes_fidelidade";""
"L5005-BROOKLIN (0475)";"neutro";"Comprei diversas coisas, mas o ancho estava com gosto de estragado";"produto";"produto";"produto";""
