centro_nv2;total_com;pct_positivo;pct_neutro;pct_negativo;nps_tradicional;nps_ajustado;delta;alerta;flag;top3_problemas;top3_elogios;sentimento_medio
L5001-RIBEIRAO PRETO (0217);659;0.0;0.0;0.0;88.070796460177;88.070796460177;0.0;ESTAVEL;REGULAR;;;
L5002-ALPHAVILLE (0290);785;0.0;0.0;0.0;86.2298195631529;86.2298195631529;0.0;ESTAVEL;REGULAR;;;
L5003-LINS (0340);403;0.0;0.0;0.0;88.96028037383178;88.96028037383178;0.0;ESTAVEL;REGULAR;;;
L5004-CAMPO BELO (0448);563;0.0;0.0;0.0;84.7764572722128;84.7764572722128;0.0;ESTAVEL;REGULAR;;;
L5005-BROOKLIN (0475);514;0.0;0.0;0.0;83.25455773126265;83.25455773126265;0.0;ESTAVEL;TOCADORA;;;
L5006-MARAJOARA (0487);572;0.0;0.0;0.0;82.70408163265306;82.70408163265306;0.0;ESTAVEL;REGULAR;;;
L5007-KLABIN (0496);524;0.0;0.0;0.0;76.25845229151015;76.25845229151015;0.0;ESTAVEL;TOCADORA;;;
L5008-SCS MAUA (0500);565;0.0;0.0;0.0;86.86131386861314;86.86131386861314;0.0;ESTAVEL;REGULAR;;;
L5009-PIRITUBA (0508);573;0.0;0.0;0.0;86.59742828882295;86.59742828882295;0.0;ESTAVEL;TOCADORA;;;
L5012-SOROCABA (0527);272;0.0;0.0;0.0;91.37353433835848;91.37353433835848;0.0;ESTAVEL;REGULAR;;;
L5013-GRANJA VIANA (0545);759;0.0;0.0;0.0;87.72123893805309;87.72123893805309;0.0;ESTAVEL;REGULAR;;;
L5014-ROUXINOL (0567);390;0.0;0.0;0.0;80.93126385809313;80.93126385809313;0.0;ESTAVEL;TOCADORA;;;
L5015-BARAO ITAPURA (0570);341;0.0;0.0;0.0;88.09373020899304;88.09373020899304;0.0;ESTAVEL;TOCADORA;;;
L5016-ANDRADINA (0573);342;0.0;0.0;0.0;93.45345345345343;93.45345345345343;0.0;ESTAVEL;REGULAR;;;
L5017-LEOPOLDINA (0576);415;0.0;0.0;0.0;79.03109182935647;79.03109182935647;0.0;ESTAVEL;TOCADORA;;;
L5018-MOEMA JURUCE (0584);859;0.0;0.0;0.0;87.81798638480831;87.81798638480831;0.0;ESTAVEL;REGULAR;;;
L5019-ANGELICA (0684);1123;0.0;0.0;0.0;84.67573221757321;84.67573221757321;0.0;ESTAVEL;REGULAR;;;
L5020-VILA MARIANA 2 (0779);578;0.0;0.0;0.0;78.72111767866738;78.72111767866738;0.0;ESTAVEL;REGULAR;;;
L5021-VILA SAUDE (0782);658;0.0;0.0;0.0;82.80445969125213;82.80445969125213;0.0;ESTAVEL;TOCADORA;;;
L5022-SAO CAETANO CENTRO (0811);579;0.0;0.0;0.0;87.15277777777779;87.15277777777779;0.0;ESTAVEL;REGULAR;;;
L5023-JOSE BONIFACIO (0813);285;0.0;0.0;0.0;86.74275680421422;86.74275680421422;0.0;ESTAVEL;REGULAR;;;
L5024-VALINHOS (0814);515;0.0;0.0;0.0;88.23529411764706;88.23529411764706;0.0;ESTAVEL;REGULAR;;;
L5025-PANAMBY (0817);690;0.0;0.0;0.0;85.13876454789614;85.13876454789614;0.0;ESTAVEL;REGULAR;;;
L5026-VILA MARIA (0818);416;0.0;0.0;0.0;89.64677222898904;89.64677222898904;0.0;ESTAVEL;TOCADORA;;;
L5027-ACLIMACAO (0851);520;0.0;0.0;0.0;82.90691344583561;82.90691344583561;0.0;ESTAVEL;TOCADORA;;;
L5028-VILA PAULICEIA (0853);353;0.0;0.0;0.0;88.56601389766267;88.56601389766267;0.0;ESTAVEL;REGULAR;;;
L5030-SAUDADE (0856);608;0.0;0.0;0.0;88.73188405797102;88.73188405797102;0.0;ESTAVEL;REGULAR;;;
L5031-PERDIZES (0860);513;0.0;0.0;0.0;83.20413436692506;83.20413436692506;0.0;ESTAVEL;TOCADORA;;;
L5033-SANTANA (0868);316;0.0;0.0;0.0;81.55339805825243;81.55339805825243;0.0;ESTAVEL;TOCADORA;;;
L5034-D. PEDRO LL (0873);610;0.0;0.0;0.0;88.7467068121942;88.7467068121942;0.0;ESTAVEL;REGULAR;;;
L5035-TREMEMBE (0875);432;0.0;0.0;0.0;87.07865168539325;87.07865168539325;0.0;ESTAVEL;REGULAR;;;
L5037-VILA ROMANA (0880);512;0.0;0.0;0.0;81.36300417246176;81.36300417246176;0.0;ESTAVEL;TOCADORA;;;
L5038-SAO JOSE DOS CAMPOS (0886);351;0.0;0.0;0.0;89.86700443318556;89.86700443318556;0.0;ESTAVEL;REGULAR;;;
L5039-ZELINA (1208);559;0.0;0.0;0.0;87.75235531628532;87.75235531628532;0.0;ESTAVEL;REGULAR;;;
L5040-GUARULHOS (1211);751;0.0;0.0;0.0;87.78538812785388;87.78538812785388;0.0;ESTAVEL;REGULAR;;;
L5041-TAUBATE (1224);337;0.0;0.0;0.0;91.48351648351648;91.48351648351648;0.0;ESTAVEL;REGULAR;;;
L5042-IPIRANGA (1237);702;0.0;0.0;0.0;85.39462978030919;85.39462978030919;0.0;ESTAVEL;REGULAR;;;
L5043-PORTUGAL (1239);453;0.0;0.0;0.0;83.9677047289504;83.9677047289504;0.0;ESTAVEL;REGULAR;;;
L5044-INDAIATUBA (1243);370;0.0;0.0;0.0;87.31988472622479;87.31988472622479;0.0;ESTAVEL;REGULAR;;;
L5045-TATUAPE (1247);417;0.0;0.0;0.0;85.95194085027727;85.95194085027727;0.0;ESTAVEL;REGULAR;;;
L5046-VILA CARRAO (1248);589;0.0;0.0;0.0;86.81837698583082;86.81837698583082;0.0;ESTAVEL;REGULAR;;;
L5047-SAO BERNARDO (1255);661;0.0;0.0;0.0;86.47856357640161;86.47856357640161;0.0;ESTAVEL;REGULAR;;;
L5048-SJC ANDROMEDA (1261);351;0.0;0.0;0.0;90.12846517917512;90.12846517917512;0.0;ESTAVEL;REGULAR;;;
L5049-RIB.PRETO INDEPENDENCIA (1266);363;0.0;0.0;0.0;84.4136926438456;84.4136926438456;0.0;ESTAVEL;REGULAR;;;
L5050-SOROCABA W.LUIZ (1273);662;0.0;0.0;0.0;89.21821305841925;89.21821305841925;0.0;ESTAVEL;REGULAR;;;
L5051-VILA PRUDENTE (1276);353;0.0;0.0;0.0;84.76923076923077;84.76923076923077;0.0;ESTAVEL;REGULAR;;;
L5052-PINHEIROS (1277);402;0.0;0.0;0.0;84.38948995363215;84.38948995363215;0.0;ESTAVEL;TOCADORA;;;
L5053-MORUMBI (1278);403;0.0;0.0;0.0;85.6137607505864;85.6137607505864;0.0;ESTAVEL;TOCADORA;;;
L5054-PLANALTO (1279);846;0.0;0.0;0.0;83.00395256916995;83.00395256916995;0.0;ESTAVEL;REGULAR;;;
L5055-CAMBUCI (1284);666;0.0;0.0;0.0;83.18695106649938;83.18695106649938;0.0;ESTAVEL;TOCADORA;;;
L5056-PENHA (1285);1073;0.0;0.0;0.0;87.12871287128714;87.12871287128714;0.0;ESTAVEL;REGULAR;;;
L5057-BOQUEIRAO (1289);564;0.0;0.0;0.0;89.28571428571429;89.28571428571429;0.0;ESTAVEL;REGULAR;;;
L5058-JD. BONFIGLIOLI (1291);960;0.0;0.0;0.0;83.36791147994468;83.36791147994468;0.0;ESTAVEL;TOCADORA;;;
L5059-TUTOIA (1294);606;0.0;0.0;0.0;83.2271762208068;83.2271762208068;0.0;ESTAVEL;TOCADORA;;;
L5061-BOSQUE MAIA (1304);491;0.0;0.0;0.0;84.22186322024771;84.22186322024771;0.0;ESTAVEL;REGULAR;;;
L5062-ASSUNCAO (1310);647;0.0;0.0;0.0;84.84509145203434;84.84509145203434;0.0;ESTAVEL;REGULAR;;;
L5063-SAO CAMILO (1311);391;0.0;0.0;0.0;82.40384615384615;82.40384615384615;0.0;ESTAVEL;REGULAR;;;
L5064-CHACARA INGLESA (1312);428;0.0;0.0;0.0;86.51414810355207;86.51414810355207;0.0;ESTAVEL;REGULAR;;;
L5065-LINS DE VASCONCELOS (1313);734;0.0;0.0;0.0;85.04453820909517;85.04453820909517;0.0;ESTAVEL;REGULAR;;;
L5066-CARAPICUIBA (1317);299;0.0;0.0;0.0;87.31825525040388;87.31825525040388;0.0;ESTAVEL;REGULAR;;;
L5067-CHACARA ST. ANTONIO (1318);415;0.0;0.0;0.0;82.19669777458722;82.19669777458722;0.0;ESTAVEL;TOCADORA;;;
L5068-BOSQUE DA SAUDE (1321);671;0.0;0.0;0.0;86.07172643869892;86.07172643869892;0.0;ESTAVEL;REGULAR;;;
L5069-AGUA RASA (1322);821;0.0;0.0;0.0;88.66099071207431;88.66099071207431;0.0;ESTAVEL;REGULAR;;;
L5070-BORGES LAGOA (1323);566;0.0;0.0;0.0;80.9414466130884;80.9414466130884;0.0;ESTAVEL;TOCADORA;;;
L5071-BELA VISTA (1326);636;0.0;0.0;0.0;84.63324048282266;84.63324048282266;0.0;ESTAVEL;TOCADORA;;;
L5072-SERRA DE JAPI (1330);539;0.0;0.0;0.0;86.00281822451855;86.00281822451855;0.0;ESTAVEL;REGULAR;;;
L5073-VILA GUILHERME (1331);440;0.0;0.0;0.0;86.92175899486007;86.92175899486007;0.0;ESTAVEL;REGULAR;;;
L5074-VOLUNTARIOS DA PATRIA (1335);423;0.0;0.0;0.0;81.65846802529867;81.65846802529867;0.0;ESTAVEL;TOCADORA;;;
L5076-PIRACICABA (1337);425;0.0;0.0;0.0;86.83216405828387;86.83216405828387;0.0;ESTAVEL;REGULAR;;;
L5077-OSCAR FREIRE (1341);384;0.0;0.0;0.0;87.74647887323944;87.74647887323944;0.0;ESTAVEL;REGULAR;;;
L5078-CAMPO BELO 2 (1342);444;0.0;0.0;0.0;80.84795321637426;80.84795321637426;0.0;ESTAVEL;TOCADORA;;;
L5081-VILA OLIMPIA (1345);247;0.0;0.0;0.0;81.27090301003345;81.27090301003345;0.0;ESTAVEL;TOCADORA;;;
L5082-VILA ANDRADE (1346);527;0.0;0.0;0.0;79.20592193808884;79.20592193808884;0.0;ESTAVEL;REGULAR;;;
L5083-BARCELONA (1347);360;0.0;0.0;0.0;87.43131868131869;87.43131868131869;0.0;ESTAVEL;REGULAR;;;
L5084-GUAIPA (1349);519;0.0;0.0;0.0;85.85858585858585;85.85858585858585;0.0;ESTAVEL;TOCADORA;;;
L5086-PORTAL DO MORUMBI (1352);1396;0.0;0.0;0.0;86.86440677966102;86.86440677966102;0.0;ESTAVEL;REGULAR;;;
L5087-ALBERTO ANDALO (1353);350;0.0;0.0;0.0;90.03215434083602;90.03215434083602;0.0;ESTAVEL;REGULAR;;;
L5088-PONTA DA PRAIA (1363);453;0.0;0.0;0.0;87.80225685115529;87.80225685115529;0.0;ESTAVEL;REGULAR;;;
L5089-BOA VISTA (1364);363;0.0;0.0;0.0;87.02388637830859;87.02388637830859;0.0;ESTAVEL;REGULAR;;;
L5090-NORTE SUL (1365);469;0.0;0.0;0.0;87.146529562982;87.146529562982;0.0;ESTAVEL;TOCADORA;;;
L5091-NOVA CANTAREIRA (1366);458;0.0;0.0;0.0;86.67051356030005;86.67051356030005;0.0;ESTAVEL;TOCADORA;;;
L5092-VILA AUGUSTA (1374);543;0.0;0.0;0.0;83.64312267657994;83.64312267657994;0.0;ESTAVEL;TOCADORA;;;
L5093-PERDIZES 2 (1376);585;0.0;0.0;0.0;81.23441396508728;81.23441396508728;0.0;ESTAVEL;TOCADORA;;;
L5095-VILLA LOBOS (1380);585;0.0;0.0;0.0;78.65814696485623;78.65814696485623;0.0;ESTAVEL;TOCADORA;;;
L5097-JUNDIAI (1404);636;0.0;0.0;0.0;83.75056895766954;83.75056895766954;0.0;ESTAVEL;REGULAR;;;
L5098-AUTONOMISTAS (1405);1016;0.0;0.0;0.0;88.27351485148515;88.27351485148515;0.0;ESTAVEL;REGULAR;;;
L5099-VILA MATILDE (1421);672;0.0;0.0;0.0;85.72923935799022;85.72923935799022;0.0;ESTAVEL;REGULAR;;;
L5100-INTERLAGOS (1431);604;0.0;0.0;0.0;85.91874422899353;85.91874422899353;0.0;ESTAVEL;REGULAR;;;
L5101-CIDADE SAO FRANCISCO (1432);382;0.0;0.0;0.0;86.61800486618006;86.61800486618006;0.0;ESTAVEL;TOCADORA;;;
L5102-POMPEIA DESEMBARGADOR (1449);561;0.0;0.0;0.0;87.1569135163128;87.1569135163128;0.0;ESTAVEL;TOCADORA;;;
L5103-ATIBAIA (1454);972;0.0;0.0;0.0;84.75646422128683;84.75646422128683;0.0;ESTAVEL;TOCADORA;;;
L5105-DOM PEDRO I (1457);524;0.0;0.0;0.0;86.98092031425365;86.98092031425365;0.0;ESTAVEL;REGULAR;;;
L5106-GUILHERMINA (1516);147;0.0;0.0;0.0;90.24304332511448;90.24304332511448;0.0;ESTAVEL;REGULAR;;;
