centro_nv2;flag;uf;regiao;comentarios;comentarios_negativos;comentarios_negativos_longos;pct_negativo;severidade_media;severidade_p90;nps_tradicional;nps_textual;nps_hibrido;avaliacoes_ponderadas;linhas_avaliacao;transacoes;delta_textual_vs_tradicional;delta_hibrido_vs_tradicional;indice_prioridade;faixa_nps_tradicional;faixa_nps_textual;faixa_nps_hibrido;quadrante_risco;risco_oculto
L5200-JUVENTUS;TOCADORA;SP;Capital;333;69;25;20.72;37.10762762762763;78.60000000000001;44.14414414414414;36.03603603603604;40.54054054054054;1383.0;804.0;102653.0;-8.11;-3.6;80.36;aperfeicoamento;aperfeicoamento;aperfeicoamento;critico;False
L5174-PERI PERI;TOCADORA;SP;Capital;478;95;40;19.87;34.37771966527197;80.217;52.719665271966534;43.72384937238494;46.86192468619247;1700.0;973.0;97142.0;-9.0;-5.86;77.27;zona_qualidade;aperfeicoamento;aperfeicoamento;critico;False
L5017-LEOPOLDINA (0576);TOCADORA;SP;Capital;389;76;32;19.54;34.8473264781491;80.52000000000001;43.70179948586118;42.673521850899746;42.41645244215938;1383.0;848.0;85393.0;-1.03;-1.29;77.21;aperfeicoamento;aperfeicoamento;aperfeicoamento;critico;False
L5186-VILA DAS MERCES;REGULAR;SP;Capital;450;93;29;20.67;34.2302;79.59100000000001;51.77777777777778;43.77777777777778;48.22222222222222;1907.0;985.0;126815.0;-8.0;-3.56;76.68;zona_qualidade;aperfeicoamento;aperfeicoamento;critico;False
L5070-BORGES LAGOA (1323);TOCADORA;SP;Capital;527;101;44;19.17;34.56998102466793;79.668;52.371916508538895;43.833017077798864;48.38709677419355;1742.0;1044.0;88609.0;-8.54;-3.98;76.27;zona_qualidade;aperfeicoamento;aperfeicoamento;critico;False
L5007-KLABIN (0496);TOCADORA;SP;Capital;488;96;37;19.67;34.036290983606555;80.507;52.459016393442624;44.67213114754098;49.385245901639344;1331.0;935.0;64043.0;-7.79;-3.07;75.04;zona_qualidade;aperfeicoamento;aperfeicoamento;critico;False
L5149-ALTO DA MOOCA;REGULAR;SP;Capital;660;121;36;18.33;34.22539393939394;80.103;56.36363636363636;45.909090909090914;50.0;2815.0;1275.0;173701.0;-10.45;-6.36;74.06;zona_qualidade;aperfeicoamento;zona_qualidade;critico;False
L5152-ALTO DA BOA VISTA;TOCADORA;SP;Capital;1027;175;76;17.04;33.571256085686464;80.806;56.9620253164557;49.074975657254136;54.43037974683544;3369.0;1699.0;138715.0;-7.89;-2.53;73.73;zona_qualidade;aperfeicoamento;zona_qualidade;critico;False
L5074-VOLUNTARIOS DA PATRIA (1335);TOCADORA;SP;Capital;393;75;30;19.08;33.792671755725195;78.88;52.41730279898219;44.529262086513995;48.854961832061065;1423.0;881.0;86299.0;-7.89;-3.56;73.43;zona_qualidade;aperfeicoamento;aperfeicoamento;critico;False
L5082-VILA ANDRADE (1346);REGULAR;SP;Capital;486;90;30;18.52;33.92008230452675;81.255;52.2633744855967;45.47325102880658;48.76543209876543;1486.0;963.0;123177.0;-6.79;-3.5;73.15;zona_qualidade;aperfeicoamento;aperfeicoamento;critico;False
L5033-SANTANA (0868);TOCADORA;SP;Capital;276;56;19;20.29;33.22159420289855;78.74;51.449275362318836;44.565217391304344;47.46376811594203;1030.0;704.0;72344.0;-6.88;-3.99;72.77;zona_qualidade;aperfeicoamento;aperfeicoamento;critico;False
L5206-CACHOEIRINHA;TOCADORA;SP;Capital;444;85;31;19.14;33.12972972972973;80.388;55.4054054054054;46.846846846846844;53.82882882882883;1802.0;951.0;81414.0;-8.56;-1.58;71.6;zona_qualidade;aperfeicoamento;zona_qualidade;critico;False
L5081-VILA OLIMPIA (1345);TOCADORA;SP;Capital;234;44;18;18.8;33.742051282051285;77.441;48.29059829059829;43.162393162393165;45.72649572649573;897.0;603.0;75893.0;-5.13;-2.56;71.25;aperfeicoamento;aperfeicoamento;aperfeicoamento;critico;False
L5014-ROUXINOL (0567);TOCADORA;SP;Capital;367;66;18;17.98;34.18692098092643;77.81400000000001;48.50136239782017;43.596730245231605;45.776566757493185;1353.0;834.0;107426.0;-4.9;-2.72;70.77;aperfeicoamento;aperfeicoamento;aperfeicoamento;critico;False
L5078-CAMPO BELO 2 (1342);TOCADORA;SP;Capital;409;76;30;18.58;32.95518337408313;78.25;52.07823960880196;47.18826405867971;53.0562347188264;1368.0;850.0;74139.0;-4.89;0.98;70.57;zona_qualidade;aperfeicoamento;zona_qualidade;critico;False
L5027-ACLIMACAO (0851);TOCADORA;SP;Capital;463;78;33;16.85;32.77518358531317;78.59400000000001;53.56371490280778;48.16414686825054;50.75593952483801;1837.0;1011.0;144210.0;-5.4;-2.81;69.78;zona_qualidade;aperfeicoamento;zona_qualidade;critico;False
L5095-VILLA LOBOS (1380);TOCADORA;SP;Capital;550;99;34;18.0;31.722309090909093;79.27199999999999;57.09090909090909;50.90909090909091;53.090909090909086;1565.0;1029.0;65953.0;-6.18;-4.0;69.17;zona_qualidade;zona_qualidade;zona_qualidade;critico;False
L5037-VILA ROMANA (0880);TOCADORA;SP;Capital;477;81;39;16.98;32.612914046121595;79.16600000000001;58.280922431865825;49.47589098532495;54.71698113207547;1438.0;957.0;103921.0;-8.81;-3.56;69.09;zona_qualidade;aperfeicoamento;zona_qualidade;critico;False
L5006-MARAJOARA (0487);REGULAR;SP;Capital;530;91;31;17.17;32.12211320754717;79.49000000000001;55.094339622641506;50.37735849056604;53.20754716981132;1960.0;1054.0;134956.0;-4.72;-1.89;68.62;zona_qualidade;zona_qualidade;zona_qualidade;critico;False
L5055-CAMBUCI (1284);TOCADORA;SP;Capital;617;106;31;17.18;31.97777957860616;78.688;56.56401944894651;50.72933549432739;53.64667747163695;2391.0;1209.0;156925.0;-5.83;-2.92;68.57;zona_qualidade;zona_qualidade;zona_qualidade;critico;False
L5156-JARDIM PRUDENCIA;REGULAR;SP;Capital;474;79;38;16.67;31.369683544303797;78.804;56.32911392405063;52.109704641350206;54.008438818565395;2002.0;1041.0;142708.0;-4.22;-2.32;68.1;zona_qualidade;zona_qualidade;zona_qualidade;critico;False
L5180-FREI CANECA;TOCADORA;SP;Capital;678;109;51;16.08;31.342994100294984;78.783;59.882005899705014;52.654867256637175;56.78466076696165;2261.0;1242.0;135449.0;-7.23;-3.1;67.76;zona_qualidade;zona_qualidade;zona_qualidade;critico;False
L5210-CAMPANELLA;REGULAR;SP;Capital;818;129;44;15.77;31.996332518337407;78.424;60.26894865525673;52.07823960880196;55.8679706601467;3521.0;1510.0;145713.0;-8.19;-4.4;67.44;zona_qualidade;zona_qualidade;zona_qualidade;critico;False
L5099-VILA MATILDE (1421);REGULAR;SP;Capital;621;102;33;16.43;31.769581320450886;79.74;57.80998389694042;51.690821256038646;54.589371980676326;2866.0;1249.0;168206.0;-6.12;-3.22;67.38;zona_qualidade;zona_qualidade;zona_qualidade;critico;False
L5020-VILA MARIANA 2 (0779);REGULAR;SP;Capital;539;85;30;15.77;33.288311688311694;78.702;54.54545454545454;48.05194805194805;52.875695732838594;1861.0;1084.0;129715.0;-6.49;-1.67;67.32;zona_qualidade;aperfeicoamento;zona_qualidade;critico;False
L5113-ANASTACIO;TOCADORA;SP;Capital;483;77;27;15.94;33.00028985507246;77.83600000000001;54.45134575569358;47.82608695652174;51.5527950310559;2150.0;1056.0;132809.0;-6.63;-2.9;67.25;zona_qualidade;aperfeicoamento;zona_qualidade;critico;False
L5002-ALPHAVILLE (0290);REGULAR;SP;RMSP;730;109;45;14.93;32.81734246575343;78.412;58.35616438356165;50.68493150684932;55.47945205479452;3159.0;1342.0;130581.0;-7.67;-2.88;66.92;zona_qualidade;zona_qualidade;zona_qualidade;atencao_leve;False
L5107-MANDAQUI (1521);TOCADORA;SP;Capital;322;55;15;17.08;33.127391304347825;78.88100000000003;49.378881987577635;46.8944099378882;48.13664596273292;1186.0;748.0;95429.0;-2.48;-1.24;66.84;aperfeicoamento;aperfeicoamento;aperfeicoamento;critico;False
L5015-BARAO ITAPURA (0570);TOCADORA;SP;Interior;308;58;15;18.83;32.60412337662338;79.396;59.09090909090909;47.07792207792208;54.54545454545454;1579.0;810.0;73839.0;-12.01;-4.55;66.83;zona_qualidade;aperfeicoamento;zona_qualidade;critico;False
L5059-TUTOIA (1294);TOCADORA;SP;Capital;574;89;29;15.51;32.8248606271777;77.613;55.052264808362374;48.954703832752614;51.045296167247386;1884.0;1063.0;112454.0;-6.1;-4.01;66.77;zona_qualidade;aperfeicoamento;zona_qualidade;critico;False
L5067-CHACARA ST. ANTONIO (1318);TOCADORA;SP;Capital;381;61;27;16.01;32.56244094488189;77.78;54.85564304461942;48.55643044619423;53.54330708661418;1393.0;843.0;105539.0;-6.3;-1.31;66.13;zona_qualidade;aperfeicoamento;zona_qualidade;critico;False
L5220-PLANALTO;REGULAR;SP;RMSP;421;69;26;16.39;32.3249406175772;79.58;59.61995249406176;50.3562945368171;53.44418052256532;1629.0;915.0;87121.0;-9.26;-6.18;66.13;zona_qualidade;zona_qualidade;zona_qualidade;critico;False
L5184-PRACA VARNHAGEM;REGULAR;RJ;RJ;1258;170;75;13.51;32.18065182829889;78.957;63.036565977742455;53.10015898251193;58.108108108108105;4929.0;1989.0;136813.0;-9.94;-4.93;66.1;zona_qualidade;zona_qualidade;zona_qualidade;atencao_leve;False
L5176-BRAGANCA PAULISTA;REGULAR;SP;Interior;685;100;37;14.6;32.29963503649635;78.316;57.66423357664233;51.240875912408754;56.058394160583944;3108.0;1312.0;175261.0;-6.42;-1.61;65.22;zona_qualidade;zona_qualidade;zona_qualidade;atencao_leve;False
L5121-VILA MASCOTE;REGULAR;SP;Capital;596;89;34;14.93;31.945184563758392;78.425;58.38926174496645;52.18120805369127;55.87248322147651;2266.0;1176.0;163841.0;-6.21;-2.52;64.99;zona_qualidade;zona_qualidade;zona_qualidade;atencao_leve;False
L5136-RIB.PRETO ALTO DA BOA VISTA;REGULAR;SP;Interior;236;41;18;17.37;30.846610169491527;78.23;53.813559322033896;50.847457627118644;53.813559322033896;1056.0;680.0;78076.0;-2.97;0.0;64.39;zona_qualidade;zona_qualidade;zona_qualidade;critico;False
L5100-INTERLAGOS (1431);REGULAR;SP;Capital;555;89;37;16.04;30.885225225225224;79.02;62.52252252252253;53.333333333333336;61.08108108108108;2166.0;1114.0;120734.0;-9.19;-1.44;64.31;zona_qualidade;zona_qualidade;zona_qualidade;critico;False
L5005-BROOKLIN (0475);TOCADORA;SP;Capital;467;73;32;15.63;31.13325481798715;78.874;59.52890792291221;53.104925053533194;56.53104925053534;1481.0;931.0;100102.0;-6.42;-3.0;64.3;zona_qualidade;zona_qualidade;zona_qualidade;critico;False
L5199-CASA VERDE;TOCADORA;SP;Capital;543;86;32;15.84;30.813314917127073;79.08200000000001;60.036832412523026;53.77532228360957;57.826887661141804;2086.0;1106.0;121834.0;-6.26;-2.21;64.21;zona_qualidade;zona_qualidade;zona_qualidade;critico;False
L5022-SAO CAETANO CENTRO (0811);REGULAR;SP;RMSP;525;81;35;15.43;30.77192380952381;78.232;60.57142857142858;54.095238095238095;58.285714285714285;2304.0;1103.0;161810.0;-6.48;-2.29;64.21;zona_qualidade;zona_qualidade;zona_qualidade;critico;False
L5185-CLODOMIRO;TOCADORA;SP;Capital;443;74;29;16.7;30.5807223476298;78.102;58.465011286681715;53.49887133182845;57.78781038374717;1381.0;892.0;70686.0;-4.97;-0.68;64.19;zona_qualidade;zona_qualidade;zona_qualidade;critico;False
L5021-VILA SAUDE (0782);TOCADORA;SP;Capital;608;87;24;14.31;33.23199013157895;77.436;54.76973684210527;48.51973684210527;53.94736842105263;2332.0;1189.0;144510.0;-6.25;-0.82;63.78;zona_qualidade;aperfeicoamento;zona_qualidade;atencao_leve;False
L5177-FREGUESIA DO O;TOCADORA;SP;Capital;695;98;50;14.1;31.271122302158275;78.956;62.44604316546762;54.53237410071943;59.56834532374101;2459.0;1288.0;128001.0;-7.91;-2.88;63.71;zona_qualidade;zona_qualidade;zona_qualidade;atencao_leve;False
L5223-CAMPO LIMPO;REGULAR;SP;Capital;1428;193;71;13.52;30.249131652661067;79.24;66.03641456582633;58.123249299719895;62.324929971988794;5830.0;2249.0;208189.0;-7.91;-3.71;63.55;zona_qualidade;zona_qualidade;zona_qualidade;atencao_leve;False
L5230-LARGO DO MACHADO;REGULAR;RJ;RJ;1747;214;93;12.25;30.875495134516314;76.852;63.76645678305667;57.183743560389246;62.04922724670864;5855.0;2542.0;193018.0;-6.58;-1.72;63.48;zona_qualidade;zona_qualidade;zona_qualidade;atencao_leve;False
L5056-PENHA (1285);REGULAR;SP;Capital;986;140;57;14.2;30.70674442190669;78.58500000000001;66.12576064908721;56.28803245436106;62.27180527383367;3939.0;1666.0;147177.0;-9.84;-3.85;63.43;zona_qualidade;zona_qualidade;zona_qualidade;atencao_leve;False
L5139-SBC RUDGE RAMOS;REGULAR;SP;RMSP;495;75;28;15.15;31.14686868686869;77.05;59.59595959595959;52.92929292929293;56.76767676767677;2151.0;1055.0;133286.0;-6.67;-2.83;63.2;zona_qualidade;zona_qualidade;zona_qualidade;critico;False
L5083-BARCELONA (1347);REGULAR;SP;RMSP;324;55;19;16.98;30.900185185185183;77.845;60.49382716049383;51.85185185185185;58.333333333333336;1456.0;803.0;97059.0;-8.64;-2.16;63.02;zona_qualidade;zona_qualidade;zona_qualidade;critico;False
L5049-RIB.PRETO INDEPENDENCIA (1266);REGULAR;SP;Interior;326;54;22;16.56;30.564386503067485;76.83000000000001;54.601226993865026;52.760736196319016;56.13496932515337;1373.0;817.0;59292.0;-1.84;1.53;62.89;zona_qualidade;zona_qualidade;zona_qualidade;critico;False
L5019-ANGELICA (0684);REGULAR;SP;Capital;1031;140;48;13.58;30.941348205625605;77.97;61.68768186226964;55.96508244422891;59.06886517943744;3824.0;1735.0;152771.0;-5.72;-2.62;62.82;zona_qualidade;zona_qualidade;zona_qualidade;atencao_leve;False
L5058-JD. BONFIGLIOLI (1291);TOCADORA;SP;Capital;901;123;51;13.65;30.865094339622644;78.69;65.14983351831299;55.826859045504996;61.48723640399556;2892.0;1536.0;151713.0;-9.32;-3.66;62.44;zona_qualidade;zona_qualidade;zona_qualidade;atencao_leve;False
L5091-NOVA CANTAREIRA (1366);TOCADORA;SP;Capital;423;65;23;15.37;31.284113475177307;76.998;63.593380614657214;52.24586288416076;57.68321513002365;1733.0;947.0;115112.0;-11.35;-5.91;62.22;zona_qualidade;zona_qualidade;zona_qualidade;critico;False
L5159-COTIA KM 39;REGULAR;SP;RMSP;400;60;24;15.0;30.786375;77.117;59.0;52.75;56.75;1661.0;918.0;126546.0;-6.25;-2.25;61.87;zona_qualidade;zona_qualidade;zona_qualidade;critico;False
L5187-MUTIRAO;REGULAR;GO;GO;358;61;19;17.04;29.773072625698326;77.68;61.731843575419;54.18994413407822;58.37988826815642;1621.0;868.0;66046.0;-7.54;-3.35;61.72;zona_qualidade;zona_qualidade;zona_qualidade;critico;False
L5043-PORTUGAL (1239);REGULAR;SP;RMSP;425;67;13;15.76;32.03411764705882;77.364;57.88235294117647;49.88235294117647;55.05882352941176;1734.0;958.0;134811.0;-8.0;-2.82;61.63;zona_qualidade;aperfeicoamento;zona_qualidade;critico;False
L5047-SAO BERNARDO (1255);REGULAR;SP;RMSP;605;85;29;14.05;31.206710743801654;77.916;59.50413223140496;54.049586776859506;58.01652892561984;2729.0;1228.0;159612.0;-5.45;-1.49;61.61;zona_qualidade;zona_qualidade;zona_qualidade;atencao_leve;False
L5062-ASSUNCAO (1310);REGULAR;SP;RMSP;601;82;27;13.64;31.18247920133112;76.91;55.24126455906821;53.244592346089846;56.07321131447587;2679.0;1214.0;191231.0;-2.0;0.83;61.42;zona_qualidade;zona_qualidade;zona_qualidade;atencao_leve;False
L5103-ATIBAIA (1454);TOCADORA;SP;Interior;910;122;42;13.41;30.782802197802198;77.93;65.05494505494505;55.934065934065934;62.417582417582416;3326.0;1585.0;211565.0;-9.12;-2.64;61.17;zona_qualidade;zona_qualidade;zona_qualidade;atencao_leve;False
L5088-PONTA DA PRAIA (1363);REGULAR;SP;Litoral;411;59;24;14.36;30.908029197080293;76.46;58.88077858880778;52.311435523114355;57.66423357664233;1861.0;932.0;180774.0;-6.57;-1.22;61.16;zona_qualidade;zona_qualidade;zona_qualidade;atencao_leve;False
L5209-ITABERABA;TOCADORA;SP;Capital;762;109;34;14.3;30.349553805774278;78.707;64.1732283464567;56.69291338582677;62.07349081364829;3227.0;1388.0;135989.0;-7.48;-2.1;60.68;zona_qualidade;zona_qualidade;zona_qualidade;atencao_leve;False
L5097-JUNDIAI (1404);REGULAR;SP;Interior;603;85;20;14.1;32.12112769485904;76.11200000000002;59.369817578772796;51.243781094527364;56.38474295190713;2197.0;1151.0;101808.0;-8.13;-2.99;60.53;zona_qualidade;zona_qualidade;zona_qualidade;atencao_leve;False
L5092-VILA AUGUSTA (1374);TOCADORA;SP;RMSP;504;73;20;14.48;31.106805555555557;76.074;59.12698412698413;53.17460317460318;56.94444444444444;1883.0;1040.0;120848.0;-5.95;-2.18;60.34;zona_qualidade;zona_qualidade;zona_qualidade;atencao_leve;False
L5072-SERRA DE JAPI (1330);REGULAR;SP;Capital;510;76;22;14.9;29.78792156862745;77.333;63.52941176470588;56.07843137254902;58.235294117647065;2129.0;1063.0;115606.0;-7.45;-5.29;59.94;zona_qualidade;zona_qualidade;zona_qualidade;atencao_leve;False
L5001-RIBEIRAO PRETO (0217);REGULAR;SP;Interior;585;81;26;13.85;30.811367521367522;77.604;61.88034188034188;56.06837606837607;60.51282051282051;2825.0;1219.0;160501.0;-5.81;-1.37;59.71;zona_qualidade;zona_qualidade;zona_qualidade;atencao_leve;False
L5093-PERDIZES 2 (1376);TOCADORA;SP;Capital;539;74;28;13.73;30.17463821892393;76.866;61.224489795918366;55.84415584415584;58.62708719851577;1604.0;1044.0;107415.0;-5.38;-2.6;59.46;zona_qualidade;zona_qualidade;zona_qualidade;atencao_leve;False
L5252-14 DE DEZEMBRO;REGULAR;SP;Interior;555;75;31;13.51;30.3992972972973;77.106;63.24324324324324;55.4954954954955;60.9009009009009;2544.0;1147.0;114373.0;-7.75;-2.34;59.2;zona_qualidade;zona_qualidade;zona_qualidade;atencao_leve;False
L5266-MATEO BEI;REGULAR;SP;Capital;613;87;27;14.19;30.09769983686786;77.018;63.94779771615008;56.6068515497553;61.99021207177814;2659.0;1184.0;119178.0;-7.34;-1.96;59.03;zona_qualidade;zona_qualidade;zona_qualidade;atencao_leve;False
L5004-CAMPO BELO (0448);REGULAR;SP;Capital;514;75;21;14.59;29.603035019455252;76.745;63.81322957198443;56.22568093385214;58.754863813229576;1767.0;1029.0;108672.0;-7.59;-5.06;58.87;zona_qualidade;zona_qualidade;zona_qualidade;atencao_leve;False
L5178-PERIMETRAL;REGULAR;SP;RMSP;610;80;31;13.11;30.556590163934427;76.34400000000001;63.934426229508205;54.91803278688525;61.147540983606554;2996.0;1226.0;126171.0;-9.02;-2.79;58.77;zona_qualidade;zona_qualidade;zona_qualidade;atencao_leve;False
L5273-MORRO GRANDE;TOCADORA;SP;Capital;291;42;16;14.43;30.546666666666667;76.3;63.230240549828174;53.264604810996566;56.3573883161512;1335.0;744.0;99366.0;-9.97;-6.87;58.67;zona_qualidade;zona_qualidade;zona_qualidade;atencao_leve;False
L5046-VILA CARRAO (1248);REGULAR;SP;Capital;546;72;25;13.19;30.46388278388278;76.025;61.172161172161175;55.494505494505496;58.60805860805861;2329.0;1093.0;136427.0;-5.68;-2.56;58.61;zona_qualidade;zona_qualidade;zona_qualidade;atencao_leve;False
L5042-IPIRANGA (1237);REGULAR;SP;Capital;659;85;36;12.9;29.246646433990897;76.28200000000001;62.51896813353566;59.028831562974204;60.69802731411229;2458.0;1227.0;162529.0;-3.49;-1.82;58.6;zona_qualidade;zona_qualidade;zona_qualidade;atencao_leve;False
L5025-PANAMBY (0817);REGULAR;SP;Capital;623;83;27;13.32;29.89295345104334;76.15;61.47672552166934;56.82182985553772;59.3900481540931;2234.0;1190.0;117609.0;-4.65;-2.09;58.32;zona_qualidade;zona_qualidade;zona_qualidade;atencao_leve;False
L5109-SANTOS POMPEIA;REGULAR;SP;Litoral;782;96;37;12.28;29.644450127877235;76.407;58.43989769820972;58.95140664961637;59.974424552429674;2739.0;1400.0;157166.0;0.51;1.53;58.29;zona_qualidade;zona_qualidade;zona_qualidade;atencao_leve;False
L5245-MAUA 2;REGULAR;SP;RMSP;498;72;25;14.46;29.159538152610445;77.656;67.06827309236948;57.63052208835341;62.85140562248996;2551.0;1081.0;142576.0;-9.44;-4.22;58.28;zona_qualidade;zona_qualidade;zona_qualidade;atencao_leve;False
L5114-106 ASA SUL;REGULAR;DF;DF;370;51;15;13.78;31.092054054054053;75.482;55.67567567567567;52.16216216216216;53.51351351351351;1521.0;859.0;69937.0;-3.51;-2.16;58.24;zona_qualidade;zona_qualidade;zona_qualidade;atencao_leve;False
L5044-INDAIATUBA (1243);REGULAR;SP;Interior;333;46;21;13.81;29.08345345345345;76.298;58.55855855855856;57.35735735735735;57.05705705705706;1735.0;865.0;124392.0;-1.2;-1.5;57.95;zona_qualidade;zona_qualidade;zona_qualidade;atencao_leve;False
L5148-PARQUE DO CARMO;REGULAR;SP;Capital;567;78;20;13.76;30.06352733686067;76.71000000000001;61.022927689594354;56.613756613756614;59.25925925925925;2596.0;1137.0;124512.0;-4.41;-1.76;57.76;zona_qualidade;zona_qualidade;zona_qualidade;atencao_leve;False
L5089-BOA VISTA (1364);REGULAR;SP;RMSP;336;49;14;14.58;30.178333333333335;76.005;59.523809523809526;55.05952380952381;58.03571428571429;1549.0;827.0;117336.0;-4.46;-1.49;57.66;zona_qualidade;zona_qualidade;zona_qualidade;atencao_leve;False
L5018-MOEMA JURUCE (0584);REGULAR;SP;Capital;729;96;39;13.17;28.34951989026063;76.904;67.76406035665295;61.04252400548697;64.33470507544583;2791.0;1387.0;143665.0;-6.72;-3.43;57.45;zona_qualidade;zona_qualidade;zona_qualidade;atencao_leve;False
L5119-AGUAS CLARAS (ARAUCARIAS);REGULAR;DF;DF;573;75;20;13.09;30.570593368237347;75.932;62.82722513089005;55.32286212914486;58.1151832460733;2602.0;1168.0;118152.0;-7.5;-4.71;57.43;zona_qualidade;zona_qualidade;zona_qualidade;atencao_leve;False
L5143-AQUARIUS;REGULAR;SP;Interior;369;52;20;14.09;30.041192411924122;76.94800000000001;63.956639566395665;55.82655826558266;61.78861788617886;1886.0;911.0;111404.0;-8.13;-2.17;57.34;zona_qualidade;zona_qualidade;zona_qualidade;atencao_leve;False
L5166-MAIRIPORA;TOCADORA;SP;RMSP;437;60;19;13.73;29.275446224256296;76.882;61.098398169336384;56.2929061784897;58.12356979405035;2121.0;1004.0;135239.0;-4.81;-2.97;57.28;zona_qualidade;zona_qualidade;zona_qualidade;atencao_leve;False
L5076-PIRACICABA (1337);REGULAR;SP;Interior;390;51;23;13.08;29.756871794871795;75.935;61.02564102564103;56.15384615384615;59.23076923076923;1853.0;929.0;99886.0;-4.87;-1.79;56.91;zona_qualidade;zona_qualidade;zona_qualidade;atencao_leve;False
L5123-SAO VICENTE;REGULAR;SP;Litoral;764;96;38;12.57;29.006479057591623;75.96400000000003;68.19371727748691;59.81675392670157;65.0523560209424;2966.0;1383.0;144144.0;-8.38;-3.14;56.72;zona_qualidade;zona_qualidade;zona_qualidade;atencao_leve;False
L5054-PLANALTO (1279);REGULAR;SP;Capital;753;92;38;12.22;29.082602921646746;76.06400000000004;63.745019920318725;59.8937583001328;62.54980079681275;2530.0;1413.0;110963.0;-3.85;-1.2;56.69;zona_qualidade;zona_qualidade;zona_qualidade;atencao_leve;False
L5282-PARQUE OLIMPICO;REGULAR;RJ;RJ;877;107;36;12.2;29.503865450399086;76.30199999999999;66.81870011402509;58.95096921322691;63.740022805017105;3517.0;1529.0;121523.0;-7.87;-3.08;56.48;zona_qualidade;zona_qualidade;zona_qualidade;atencao_leve;False
L5061-BOSQUE MAIA (1304);REGULAR;SP;RMSP;448;56;18;12.5;30.239620535714288;75.22200000000001;58.25892857142857;55.58035714285714;55.80357142857143;1857.0;976.0;109842.0;-2.68;-2.46;56.37;zona_qualidade;zona_qualidade;zona_qualidade;atencao_leve;False
L5035-TREMEMBE (0875);REGULAR;SP;Capital;393;54;22;13.74;28.784834605597965;76.024;65.64885496183206;58.778625954198475;62.34096692111959;1780.0;937.0;105905.0;-6.87;-3.31;56.05;zona_qualidade;zona_qualidade;zona_qualidade;atencao_leve;False
L5232-PARQUE ECOLOGICO;REGULAR;SP;Interior;454;61;24;13.44;28.462026431718062;75.652;63.21585903083701;59.25110132158591;63.21585903083701;2263.0;1001.0;137999.0;-3.96;0.0;55.83;zona_qualidade;zona_qualidade;zona_qualidade;atencao_leve;False
L5219-AV. ITAQUERA;REGULAR;SP;Capital;612;77;26;12.58;29.501862745098038;76.18399999999998;63.56209150326797;58.16993464052288;62.41830065359477;2727.0;1202.0;119675.0;-5.39;-1.14;55.82;zona_qualidade;zona_qualidade;zona_qualidade;atencao_leve;False
L5108-MOGI DAS CRUZES (1527);REGULAR;SP;RMSP;399;55;19;13.78;29.144411027568925;75.624;65.91478696741855;57.393483709273184;61.904761904761905;1820.0;924.0;102768.0;-8.52;-4.01;55.78;zona_qualidade;zona_qualidade;zona_qualidade;atencao_leve;False
L5066-CARAPICUIBA (1317);REGULAR;SP;RMSP;269;43;9;15.99;28.923159851301115;76.82600000000001;63.19702602230484;56.13382899628253;60.966542750929364;1238.0;716.0;98738.0;-7.06;-2.23;55.63;zona_qualidade;zona_qualidade;zona_qualidade;critico;False
L5250-VILA RICA;REGULAR;SP;Capital;479;70;17;14.61;27.994655532359083;76.042;64.30062630480167;60.125260960334025;63.88308977035491;2299.0;1062.0;111878.0;-4.18;-0.42;55.09;zona_qualidade;zona_qualidade;zona_qualidade;atencao_leve;False
L5205-GRANJA KM 26;REGULAR;SP;RMSP;243;39;12;16.05;28.688230452674897;75.76599999999999;66.2551440329218;56.37860082304527;65.4320987654321;882.0;627.0;61531.0;-9.88;-0.82;54.96;zona_qualidade;zona_qualidade;zona_qualidade;critico;False
L5112-BAURU;TOCADORA;SP;Interior;340;47;19;13.82;28.698441176470585;77.35300000000001;62.64705882352941;58.529411764705884;61.76470588235294;1615.0;853.0;52713.0;-4.12;-0.88;54.71;zona_qualidade;zona_qualidade;zona_qualidade;atencao_leve;False
L5237-PAULINIA;REGULAR;SP;Interior;299;40;9;13.38;30.96344481605351;74.002;56.187290969899664;51.50501672240802;57.19063545150501;1466.0;821.0;117497.0;-4.68;1.0;54.66;zona_qualidade;zona_qualidade;zona_qualidade;atencao_leve;False
L5192-ALPHAVILLE CONDE;REGULAR;SP;RMSP;389;55;22;14.14;26.986118251928023;75.376;68.63753213367609;62.2107969151671;65.03856041131105;1174.0;798.0;125879.0;-6.43;-3.6;54.63;zona_qualidade;zona_qualidade;zona_qualidade;atencao_leve;False
L5045-TATUAPE (1247);REGULAR;SP;Capital;386;50;21;12.95;28.33222797927461;74.91;63.47150259067358;59.58549222797927;61.917098445595855;1623.0;915.0;123851.0;-3.89;-1.55;54.59;zona_qualidade;zona_qualidade;zona_qualidade;atencao_leve;False
L5283-ALDEIA DA SERRA;TOCADORA;SP;RMSP;248;35;11;14.11;29.87826612903226;74.99300000000001;62.096774193548384;54.03225806451613;59.67741935483871;1078.0;668.0;77877.0;-8.06;-2.42;54.58;zona_qualidade;zona_qualidade;zona_qualidade;atencao_leve;False
L5039-ZELINA (1208);REGULAR;SP;Capital;504;66;20;13.1;28.116011904761905;76.979;65.47619047619048;60.317460317460316;64.48412698412699;2229.0;1082.0;133782.0;-5.16;-0.99;53.73;zona_qualidade;zona_qualidade;zona_qualidade;atencao_leve;False
L5215-VILA EMA;REGULAR;SP;Capital;581;71;28;12.22;28.364681583476766;75.46;71.9449225473322;61.2736660929432;66.09294320137694;2415.0;1151.0;129362.0;-10.67;-5.85;53.72;zona_qualidade;zona_qualidade;zona_qualidade;atencao_leve;False
L5030-SAUDADE (0856);REGULAR;SP;Interior;558;69;25;12.37;28.17358422939068;75.889;65.77060931899642;61.111111111111114;65.05376344086021;2760.0;1152.0;129664.0;-4.66;-0.72;53.55;zona_qualidade;zona_qualidade;zona_qualidade;atencao_leve;False
L5090-NORTE SUL (1365);TOCADORA;SP;Interior;422;58;19;13.74;27.3942654028436;77.685;66.35071090047393;61.84834123222749;63.507109004739334;1556.0;928.0;75692.0;-4.5;-2.84;53.47;zona_qualidade;zona_qualidade;zona_qualidade;atencao_leve;False
L5023-JOSE BONIFACIO (0813);REGULAR;SP;Interior;255;38;9;14.9;29.14086274509804;74.838;57.25490196078431;55.68627450980392;62.35294117647059;1139.0;677.0;74166.0;-1.57;5.1;53.39;zona_qualidade;zona_qualidade;zona_qualidade;atencao_leve;False
L5031-PERDIZES (0860);TOCADORA;SP;Capital;486;60;20;12.35;28.405411522633745;74.53;61.52263374485597;59.876543209876544;62.55144032921811;1548.0;961.0;130515.0;-1.65;1.03;53.38;zona_qualidade;zona_qualidade;zona_qualidade;atencao_leve;False
L5024-VALINHOS (0814);REGULAR;SP;Interior;463;59;21;12.74;28.229416846652267;75.614;64.57883369330453;60.69114470842333;65.44276457883369;2074.0;1013.0;136626.0;-3.89;0.86;53.25;zona_qualidade;zona_qualidade;zona_qualidade;atencao_leve;False
L5158-LEBLON;REGULAR;RJ;RJ;911;104;31;11.42;28.308979143798023;74.21;68.27661909989024;62.019758507135016;65.09330406147092;3594.0;1560.0;102542.0;-6.26;-3.18;52.99;zona_qualidade;zona_qualidade;zona_qualidade;atencao_leve;False
L5071-BELA VISTA (1326);TOCADORA;SP;Capital;592;64;26;10.81;28.350608108108112;73.676;61.99324324324324;60.810810810810814;61.317567567567565;2154.0;1144.0;164634.0;-1.18;-0.68;52.94;zona_qualidade;zona_qualidade;zona_qualidade;atencao_leve;False
L5073-VILA GUILHERME (1331);REGULAR;SP;Capital;399;47;22;11.78;28.580601503759397;72.74;66.41604010025063;59.64912280701754;63.1578947368421;1751.0;928.0;128254.0;-6.77;-3.26;52.92;zona_qualidade;zona_qualidade;zona_qualidade;atencao_leve;False
L5102-POMPEIA DESEMBARGADOR (1449);TOCADORA;SP;Capital;531;66;22;12.43;27.8179472693032;75.53;67.984934086629;61.39359698681732;64.40677966101694;1931.0;1044.0;126547.0;-6.59;-3.58;52.9;zona_qualidade;zona_qualidade;zona_qualidade;atencao_leve;False
L5213-REMEDIOS ONIX;TOCADORA;SP;Capital;354;46;17;12.99;28.291355932203388;74.649;70.62146892655367;59.32203389830508;64.12429378531074;1612.0;844.0;109401.0;-11.3;-6.5;52.78;zona_qualidade;zona_qualidade;zona_qualidade;atencao_leve;False
L5126-CELSO GARCIA;REGULAR;SP;Capital;665;78;26;11.73;27.6503007518797;73.44800000000002;67.5187969924812;62.857142857142854;64.36090225563909;3175.0;1315.0;149229.0;-4.66;-3.16;52.74;zona_qualidade;zona_qualidade;zona_qualidade;atencao_leve;False
L5253-HORTO;TOCADORA;SP;Capital;534;67;17;12.55;28.838988764044945;74.589;67.22846441947566;59.36329588014981;63.10861423220974;2277.0;1094.0;96377.0;-7.87;-4.12;52.7;zona_qualidade;zona_qualidade;zona_qualidade;atencao_leve;False
L5051-VILA PRUDENTE (1276);REGULAR;SP;Capital;317;39;14;12.3;29.16485804416404;72.26;62.77602523659306;56.15141955835961;60.88328075709779;1300.0;783.0;113028.0;-6.62;-1.89;52.51;zona_qualidade;zona_qualidade;zona_qualidade;atencao_leve;False
L5153-EMBARE;REGULAR;SP;Litoral;806;89;35;11.04;27.728461538461538;74.055;70.22332506203473;63.52357320099256;68.11414392059554;3194.0;1456.0;205613.0;-6.7;-2.11;52.5;zona_qualidade;zona_qualidade;zona_qualidade;atencao_leve;False
L5169-JACAREI;REGULAR;SP;Interior;346;47;12;13.58;28.723323699421968;76.03999999999999;64.45086705202311;58.38150289017341;63.8728323699422;1822.0;882.0;110479.0;-6.07;-0.58;52.44;zona_qualidade;zona_qualidade;zona_qualidade;atencao_leve;False
L5122-PONTE RASA;REGULAR;SP;Capital;734;78;33;10.63;28.440122615803812;71.04300000000002;67.43869209809264;61.30790190735694;66.62125340599455;3262.0;1391.0;169101.0;-6.13;-0.82;52.36;zona_qualidade;zona_qualidade;zona_qualidade;atencao_leve;False
L5063-SAO CAMILO (1311);REGULAR;SP;RMSP;366;50;18;13.66;26.30584699453552;74.945;63.387978142076506;63.934426229508205;64.48087431693989;1040.0;732.0;79919.0;0.55;1.09;51.99;zona_qualidade;zona_qualidade;zona_qualidade;atencao_leve;False
L5138-306 ASA NORTE;REGULAR;DF;DF;693;75;25;10.82;28.36285714285714;72.18600000000002;62.48196248196248;60.89466089466089;62.33766233766234;2819.0;1307.0;109525.0;-1.59;-0.14;51.97;zona_qualidade;zona_qualidade;zona_qualidade;atencao_leve;False
L5053-MORUMBI (1278);TOCADORA;SP;Capital;368;46;18;12.5;27.52078804347826;74.254;65.48913043478261;61.141304347826086;63.58695652173913;1279.0;809.0;115415.0;-4.35;-1.9;51.93;zona_qualidade;zona_qualidade;zona_qualidade;atencao_leve;False
L5144-EMBU DAS ARTES;TOCADORA;SP;RMSP;518;64;18;12.36;27.468223938223936;73.923;65.05791505791507;61.969111969111964;62.93436293436293;2491.0;1094.0;117761.0;-3.09;-2.12;51.89;zona_qualidade;zona_qualidade;zona_qualidade;atencao_leve;False
L5064-CHACARA INGLESA (1312);REGULAR;SP;Capital;404;49;17;12.13;27.57957920792079;74.425;63.366336633663366;61.386138613861384;61.633663366336634;1661.0;885.0;131104.0;-1.98;-1.73;51.88;zona_qualidade;zona_qualidade;zona_qualidade;atencao_leve;False
L5182-SAO JOSE DO RIO PRETO (DAMHA);REGULAR;SP;Interior;248;33;15;13.31;27.48842741935484;75.072;65.7258064516129;60.08064516129033;62.903225806451616;1232.0;706.0;67959.0;-5.65;-2.82;51.8;zona_qualidade;zona_qualidade;zona_qualidade;atencao_leve;False
L5050-SOROCABA W.LUIZ (1273);REGULAR;SP;Interior;593;72;24;12.14;27.501534569983136;74.548;68.46543001686341;63.40640809443507;66.27318718381113;2328.0;1169.0;100967.0;-5.06;-2.19;51.8;zona_qualidade;zona_qualidade;zona_qualidade;atencao_leve;False
L5101-CIDADE SAO FRANCISCO (1432);TOCADORA;SP;Capital;348;44;18;12.64;27.410517241379313;75.625;66.95402298850574;62.06896551724138;64.65517241379311;1233.0;794.0;116565.0;-4.89;-2.3;51.74;zona_qualidade;zona_qualidade;zona_qualidade;atencao_leve;False
L5040-GUARULHOS (1211);REGULAR;SP;RMSP;695;85;24;12.23;26.94169784172662;75.87;68.92086330935253;65.03597122302158;67.05035971223022;2628.0;1289.0;136117.0;-3.88;-1.87;51.62;zona_qualidade;zona_qualidade;zona_qualidade;atencao_leve;False
L5065-LINS DE VASCONCELOS (1313);REGULAR;SP;Capital;684;76;29;11.11;27.697865497076023;75.20400000000001;67.69005847953217;63.1578947368421;66.22807017543859;2133.0;1252.0;121520.0;-4.53;-1.46;51.57;zona_qualidade;zona_qualidade;zona_qualidade;atencao_leve;False
L5243-MONTE CASTELO;REGULAR;SP;Interior;251;34;10;13.55;28.11454183266932;75.19;62.15139442231076;58.964143426294825;60.95617529880478;1033.0;669.0;82595.0;-3.19;-1.2;51.57;zona_qualidade;zona_qualidade;zona_qualidade;atencao_leve;False
L5249-SANTA TERESINHA;REGULAR;SP;RMSP;434;51;17;11.75;27.68811059907834;74.707;64.0552995391705;61.52073732718893;61.29032258064516;1908.0;952.0;131910.0;-2.53;-2.76;51.5;zona_qualidade;zona_qualidade;zona_qualidade;atencao_leve;False
L5165-MOGI DAS CRUZES MOGILAR;REGULAR;SP;RMSP;336;42;15;12.5;28.79514880952381;73.57499999999999;66.07142857142857;58.03571428571429;65.17857142857143;1677.0;837.0;107254.0;-8.04;-0.89;51.49;zona_qualidade;zona_qualidade;zona_qualidade;atencao_leve;False
L5009-PIRITUBA (0508);TOCADORA;SP;Capital;520;59;20;11.35;28.249;72.91300000000001;67.6923076923077;61.15384615384616;64.8076923076923;2022.0;1070.0;143019.0;-6.54;-2.88;51.17;zona_qualidade;zona_qualidade;zona_qualidade;atencao_leve;False
L5236-JACAREI VILLA BRANCA;REGULAR;SP;Interior;145;22;7;15.17;27.133517241379312;73.52000000000001;63.44827586206897;59.310344827586206;62.758620689655174;694.0;499.0;80150.0;-4.14;-0.69;51.03;zona_qualidade;zona_qualidade;zona_qualidade;critico;False
L5188-CAJAMAR;REGULAR;SP;RMSP;429;54;20;12.59;26.593589743589742;74.46199999999999;69.46386946386947;63.86946386946387;68.76456876456876;2341.0;1027.0;155153.0;-5.59;-0.7;50.64;zona_qualidade;zona_qualidade;zona_qualidade;atencao_leve;False
L5052-PINHEIROS (1277);TOCADORA;SP;Capital;359;48;10;13.37;27.79047353760446;74.99799999999999;63.231197771587745;59.888579387186624;62.116991643454035;1294.0;828.0;72088.0;-3.34;-1.11;50.53;zona_qualidade;zona_qualidade;zona_qualidade;atencao_leve;False
L5028-VILA PAULICEIA (0853);REGULAR;SP;Capital;321;39;14;12.15;27.822367601246103;71.69;64.17445482866043;60.747663551401864;63.2398753894081;1583.0;823.0;97963.0;-3.43;-0.93;50.33;zona_qualidade;zona_qualidade;zona_qualidade;atencao_leve;False
L5116-ENSEADA;REGULAR;SP;Litoral;449;55;22;12.25;26.591670378619153;74.128;69.71046770601336;63.91982182628062;68.37416481069042;1916.0;981.0;94709.0;-5.79;-1.34;50.11;zona_qualidade;zona_qualidade;zona_qualidade;atencao_leve;False
L5008-SCS MAUA (0500);REGULAR;SP;RMSP;520;59;21;11.35;27.596788461538463;72.70000000000002;68.26923076923077;62.88461538461539;66.34615384615384;1918.0;1046.0;96412.0;-5.38;-1.92;49.95;zona_qualidade;zona_qualidade;zona_qualidade;atencao_leve;False
L5057-BOQUEIRAO (1289);REGULAR;SP;Litoral;508;54;19;10.63;28.165866141732284;72.283;68.11023622047244;60.629921259842526;64.56692913385827;2380.0;1084.0;152075.0;-7.48;-3.54;49.92;zona_qualidade;zona_qualidade;zona_qualidade;atencao_leve;False
L5173-PERUIBE;REGULAR;SP;Litoral;531;61;25;11.49;26.23126177024482;73.86;69.49152542372882;65.91337099811676;67.41996233521658;2294.0;1142.0;115243.0;-3.58;-2.07;49.82;zona_qualidade;zona_qualidade;zona_qualidade;atencao_leve;False
L5193-COTIA;TOCADORA;SP;RMSP;430;51;15;11.86;27.318093023255816;75.613;63.72093023255814;62.32558139534884;64.65116279069767;1901.0;991.0;119430.0;-1.4;0.93;49.64;zona_qualidade;zona_qualidade;zona_qualidade;atencao_leve;False
L5038-SAO JOSE DOS CAMPOS (0886);REGULAR;SP;Interior;321;43;7;13.4;27.7307476635514;74.2;68.22429906542055;60.43613707165109;62.928348909657316;1579.0;835.0;126208.0;-7.79;-5.3;49.34;zona_qualidade;zona_qualidade;zona_qualidade;atencao_leve;False
L5244-TAGUATINGA SUL;REGULAR;DF;DF;417;48;18;11.51;27.600551558752997;70.39200000000001;67.38609112709833;62.11031175059952;65.70743405275779;1839.0;937.0;73748.0;-5.28;-1.68;49.31;zona_qualidade;zona_qualidade;zona_qualidade;atencao_leve;False
L5155-SUZANO;REGULAR;SP;RMSP;585;65;20;11.11;27.52316239316239;71.84000000000002;69.74358974358974;62.56410256410256;67.008547008547;2986.0;1197.0;114047.0;-7.18;-2.74;49.3;zona_qualidade;zona_qualidade;zona_qualidade;atencao_leve;False
L5120-ITU;REGULAR;SP;Interior;491;52;21;10.59;27.705824847250508;71.53;67.20977596741345;62.11812627291242;65.78411405295316;2490.0;1023.0;94658.0;-5.09;-1.43;49.03;zona_qualidade;zona_qualidade;zona_qualidade;atencao_leve;False
L5105-DOM PEDRO I (1457);REGULAR;SP;RMSP;464;53;19;11.42;26.64030172413793;73.73899999999999;68.96551724137932;64.65517241379311;66.8103448275862;1782.0;1005.0;129016.0;-4.31;-2.16;49.02;zona_qualidade;zona_qualidade;zona_qualidade;atencao_leve;False
L5262-URBANOVA;REGULAR;SP;Interior;128;17;7;13.28;27.04015625;73.723;61.71875;60.15625;59.375;664.0;478.0;66310.0;-1.56;-2.34;48.89;zona_qualidade;zona_qualidade;zona_qualidade;atencao_leve;False
L5198-VILA RESENDE;REGULAR;SP;Interior;304;39;10;12.83;26.983453947368417;74.81499999999998;67.76315789473685;62.5;64.14473684210526;1601.0;792.0;78850.0;-5.26;-3.62;48.57;zona_qualidade;zona_qualidade;zona_qualidade;atencao_leve;False
L5207-SANTO ANDRE ORATORIO;REGULAR;SP;RMSP;578;65;20;11.25;26.494913494809687;72.415;71.97231833910035;65.22491349480968;69.03114186851211;3142.0;1184.0;159180.0;-6.75;-2.94;48.49;zona_qualidade;zona_qualidade;zona_qualidade;atencao_leve;False
L5242-RECREIO;REGULAR;RJ;RJ;417;48;19;11.51;27.045563549160672;73.52;69.06474820143885;62.589928057553955;66.42685851318944;1555.0;911.0;50677.0;-6.47;-2.64;48.46;zona_qualidade;zona_qualidade;zona_qualidade;atencao_leve;False
L5240-BARAO GERALDO;REGULAR;SP;Interior;457;54;15;11.82;27.539890590809627;72.73200000000003;69.58424507658644;62.36323851203501;67.83369803063457;2274.0;1021.0;89159.0;-7.22;-1.75;48.44;zona_qualidade;zona_qualidade;zona_qualidade;atencao_leve;False
L5204-ITAQUA;REGULAR;SP;RMSP;381;50;17;13.12;25.203727034120735;75.86;70.86614173228347;67.45406824146981;71.39107611548556;1960.0;919.0;104007.0;-3.41;0.52;48.27;zona_qualidade;zona_qualidade;zona_qualidade;atencao_leve;False
L5248-SBC PEREIRA BARRETO;REGULAR;SP;RMSP;563;58;15;10.3;28.130852575488454;69.94000000000003;65.36412078152753;61.811722912966246;64.12078152753108;2046.0;1095.0;124440.0;-3.55;-1.24;48.14;zona_qualidade;zona_qualidade;zona_qualidade;atencao_leve;False
L5069-AGUA RASA (1322);REGULAR;SP;Capital;744;75;35;10.08;25.780295698924732;68.52100000000027;74.59677419354838;68.41397849462365;72.17741935483872;2584.0;1357.0;130658.0;-6.18;-2.42;47.72;zona_qualidade;zona_qualidade;zona_qualidade;atencao_leve;False
L5201-ANA COSTA;REGULAR;SP;Litoral;705;70;25;9.93;26.689872340425534;65.62000000000005;72.05673758865248;65.53191489361701;69.9290780141844;2818.0;1314.0;168588.0;-6.52;-2.13;47.54;zona_qualidade;zona_qualidade;zona_qualidade;atencao_leve;False
L5161-ITANHAEM;REGULAR;SP;Litoral;726;72;24;9.92;26.379297520661154;65.87;69.6969696969697;66.39118457300276;68.31955922865014;3315.0;1352.0;131783.0;-3.31;-1.38;47.26;zona_qualidade;zona_qualidade;zona_qualidade;atencao_leve;False
L5087-ALBERTO ANDALO (1353);REGULAR;SP;Interior;314;37;13;11.78;26.74735668789809;74.997;67.83439490445859;62.738853503184714;66.87898089171973;1555.0;788.0;76416.0;-5.1;-0.96;47.17;zona_qualidade;zona_qualidade;zona_qualidade;atencao_leve;False
L5231-SOROCABA PANNUNZIO;REGULAR;SP;Interior;505;61;12;12.08;26.27081188118812;74.31800000000001;71.28712871287128;65.34653465346535;67.32673267326733;2524.0;1097.0;109149.0;-5.94;-3.96;47.16;zona_qualidade;zona_qualidade;zona_qualidade;atencao_leve;False
L5261-UNIMART;REGULAR;SP;Interior;574;65;15;11.32;26.520592334494772;74.04400000000001;74.56445993031359;65.50522648083623;70.38327526132404;2788.0;1180.0;125498.0;-9.06;-4.18;46.53;zona_qualidade;zona_qualidade;zona_qualidade;atencao_leve;False
L5141-ALTO TAQUARAL;REGULAR;SP;Interior;388;39;19;10.05;26.31353092783505;67.97100000000006;71.90721649484536;65.20618556701031;67.78350515463917;1925.0;929.0;79926.0;-6.7;-4.12;45.82;zona_qualidade;zona_qualidade;zona_qualidade;atencao_leve;False
L5134-GILBERTO SALOMAO;REGULAR;DF;DF;408;41;13;10.05;28.063823529411767;64.67000000000004;66.91176470588235;60.5392156862745;65.93137254901961;1729.0;925.0;62724.0;-6.37;-0.98;45.65;zona_qualidade;zona_qualidade;zona_qualidade;atencao_leve;False
L5214-SAO MIGUEL;REGULAR;SP;Capital;648;68;17;10.49;25.86496913580247;71.94000000000007;70.37037037037037;66.9753086419753;69.44444444444444;3287.0;1290.0;120338.0;-3.4;-0.93;45.59;zona_qualidade;zona_qualidade;zona_qualidade;atencao_leve;False
L5179-VILA YARA;REGULAR;SP;RMSP;799;81;28;10.14;24.579674593241553;70.05400000000009;74.21777221526908;71.33917396745932;73.59198998748435;2493.0;1386.0;152237.0;-2.88;-0.63;45.51;zona_qualidade;zona_qualidade;zona_qualidade;atencao_leve;False
L5202-VILA CAICARA;REGULAR;SP;Litoral;722;69;24;9.56;25.74409972299169;64.217;73.68421052631578;67.86703601108033;71.8836565096953;3029.0;1338.0;159082.0;-5.82;-1.8;45.37;zona_qualidade;zona_qualidade;zona_qualidade;atencao_leve;False
L5077-OSCAR FREIRE (1341);REGULAR;SP;Capital;365;40;16;10.96;24.81117808219178;71.596;71.23287671232876;68.4931506849315;69.31506849315069;1420.0;831.0;124422.0;-2.74;-1.92;45.24;zona_qualidade;zona_qualidade;zona_qualidade;atencao_leve;False
L5098-AUTONOMISTAS (1405);REGULAR;SP;RMSP;938;83;35;8.85;24.923432835820897;63.269;74.20042643923242;71.10874200426439;72.92110874200426;3232.0;1586.0;153001.0;-3.09;-1.28;45.15;zona_qualidade;zona_qualidade;zona_qualidade;atencao_leve;False
L5129-REAL PARQUE;TOCADORA;SP;Capital;360;38;17;10.56;25.849083333333333;70.85800000000003;72.5;65.83333333333333;68.88888888888889;1330.0;778.0;56391.0;-6.67;-3.61;44.92;zona_qualidade;zona_qualidade;zona_qualidade;atencao_leve;False
L5013-GRANJA VIANA (0545);REGULAR;SP;RMSP;708;71;35;10.03;23.77217514124294;64.10300000000008;77.11864406779661;73.0225988700565;75.56497175141243;1808.0;1206.0;93179.0;-4.1;-1.55;44.62;excelente;zona_qualidade;excelente;atencao_leve;False
L5221-BARUERI (BETHAVILLE);REGULAR;SP;RMSP;368;40;14;10.87;24.912336956521738;69.61200000000002;73.36956521739131;68.47826086956522;70.1086956521739;1520.0;903.0;116761.0;-4.89;-3.26;44.23;zona_qualidade;zona_qualidade;zona_qualidade;atencao_leve;False
L5124-BOTUCATU;TOCADORA;SP;Interior;320;36;12;11.25;25.004624999999997;70.32400000000003;67.1875;67.1875;68.75;1708.0;819.0;85235.0;0.0;1.56;44.17;zona_qualidade;zona_qualidade;zona_qualidade;atencao_leve;False
L5142-MARILIA;REGULAR;SP;Interior;328;40;10;12.2;25.001798780487807;73.18700000000001;71.95121951219512;67.3780487804878;69.51219512195121;1848.0;844.0;63320.0;-4.57;-2.44;44.16;zona_qualidade;zona_qualidade;zona_qualidade;atencao_leve;False
L5068-BOSQUE DA SAUDE (1321);REGULAR;SP;Capital;622;53;18;8.52;26.608360128617367;61.717999999999996;70.57877813504824;65.43408360128618;68.64951768488746;2398.0;1218.0;145938.0;-5.14;-1.93;43.95;zona_qualidade;zona_qualidade;zona_qualidade;atencao_leve;False
L5251-JANGADEIROS;REGULAR;SP;Capital;687;63;20;9.17;25.649184861717615;63.674;74.235807860262;68.41339155749637;70.3056768558952;3055.0;1299.0;106574.0;-5.82;-3.93;43.8;zona_qualidade;zona_qualidade;zona_qualidade;atencao_leve;False
L5026-VILA MARIA (0818);TOCADORA;SP;Capital;349;39;13;11.17;24.85893982808023;71.942;74.78510028653295;68.19484240687679;71.63323782234957;1642.0;877.0;99191.0;-6.59;-3.15;43.63;zona_qualidade;zona_qualidade;zona_qualidade;atencao_leve;False
L5041-TAUBATE (1224);REGULAR;SP;Interior;307;34;11;11.07;25.614951140065145;73.31800000000001;73.9413680781759;67.10097719869707;69.70684039087948;1456.0;774.0;79196.0;-6.84;-4.23;43.6;zona_qualidade;zona_qualidade;zona_qualidade;atencao_leve;False
L5131-TAUBATE SAO GERALDO;REGULAR;SP;Interior;385;41;11;10.65;25.60537662337662;72.24000000000001;70.12987012987013;66.75324675324676;68.57142857142857;1634.0;842.0;90544.0;-3.38;-1.56;43.46;zona_qualidade;zona_qualidade;zona_qualidade;atencao_leve;False
L5086-PORTAL DO MORUMBI (1352);REGULAR;SP;Capital;1294;103;40;7.96;24.17805255023184;60.74900000000001;75.27047913446677;73.72488408037094;75.34775888717155;3540.0;1971.0;182025.0;-1.55;0.08;43.36;excelente;zona_qualidade;excelente;atencao_leve;False
L5268-TIBURCIO;REGULAR;SP;Capital;601;55;21;9.15;25.147936772046588;62.03;74.70881863560732;69.05158069883528;72.71214642262895;3209.0;1257.0;130403.0;-5.66;-2.0;43.13;zona_qualidade;zona_qualidade;zona_qualidade;atencao_leve;False
L5147-ROLAND GARROS;TOCADORA;SP;Capital;602;56;20;9.3;24.94750830564784;61.211;73.08970099667775;69.26910299003323;71.2624584717608;2760.0;1188.0;103251.0;-3.82;-1.83;43.11;zona_qualidade;zona_qualidade;zona_qualidade;atencao_leve;False
L5127-SAO ROQUE;REGULAR;SP;Interior;652;57;16;8.74;26.062530674846627;60.483999999999995;73.00613496932516;66.71779141104295;69.6319018404908;3465.0;1275.0;152690.0;-6.29;-3.37;43.04;zona_qualidade;zona_qualidade;zona_qualidade;atencao_leve;False
L5277-VILA CURUCA (NORDESTINA);REGULAR;SP;Capital;431;43;14;9.98;25.314501160092806;63.94;70.76566125290023;67.28538283062645;70.99767981438515;2224.0;990.0;119695.0;-3.48;0.23;42.97;zona_qualidade;zona_qualidade;zona_qualidade;atencao_leve;False
L5241-ITAPEVI;REGULAR;SP;RMSP;489;49;14;10.02;24.821431492842535;66.50199999999994;74.84662576687117;69.73415132924336;71.77914110429448;2668.0;1097.0;130396.0;-5.11;-3.07;42.51;zona_qualidade;zona_qualidade;zona_qualidade;atencao_leve;False
L5279-BOX CAIEIRAS;TOCADORA;SP;RMSP;259;28;10;10.81;24.88362934362934;69.47600000000001;71.81467181467181;66.79536679536679;69.1119691119691;1189.0;677.0;78280.0;-5.02;-2.7;42.34;zona_qualidade;zona_qualidade;zona_qualidade;atencao_leve;False
L5218-PARELHEIROS;REGULAR;SP;Capital;738;68;21;9.21;24.56130081300813;61.731000000000044;77.50677506775068;71.27371273712737;75.47425474254743;3889.0;1412.0;158916.0;-6.23;-2.03;42.17;excelente;zona_qualidade;excelente;atencao_leve;False
L5012-SOROCABA (0527);REGULAR;SP;Interior;252;26;12;10.32;25.41361111111111;65.48200000000001;70.23809523809523;66.26984126984127;69.84126984126983;1194.0;666.0;47602.0;-3.97;-0.4;42.05;zona_qualidade;zona_qualidade;zona_qualidade;atencao_leve;False
L5048-SJC ANDROMEDA (1261);REGULAR;SP;Interior;311;30;11;9.65;25.920385852090032;64.68;73.31189710610933;64.95176848874597;70.41800643086816;1479.0;801.0;110203.0;-8.36;-2.89;41.89;zona_qualidade;zona_qualidade;zona_qualidade;atencao_leve;False
L5290-SAO LOURENCO;REGULAR;SP;Litoral;210;27;7;12.86;24.363142857142858;71.94600000000001;77.61904761904762;68.0952380952381;71.42857142857143;676.0;377.0;31194.0;-9.52;-6.19;41.58;excelente;zona_qualidade;zona_qualidade;atencao_leve;False
L5181-RIBEIRAO PIRES;REGULAR;SP;RMSP;609;54;25;8.87;23.887471264367814;62.13000000000002;74.54844006568145;72.57799671592775;75.04105090311987;2774.0;1200.0;101308.0;-1.97;0.49;41.55;zona_qualidade;zona_qualidade;excelente;atencao_leve;False
L5130-TUPI;REGULAR;SP;Litoral;824;68;31;8.25;23.17559466019417;59.85900000000001;76.2135922330097;75.12135922330097;76.09223300970875;3013.0;1432.0;132440.0;-1.09;-0.12;41.12;excelente;excelente;excelente;atencao_leve;False
L5145-TAMBORE;REGULAR;SP;RMSP;225;25;8;11.11;25.624755555555556;71.262;74.66666666666667;65.33333333333333;72.88888888888889;706.0;550.0;61078.0;-9.33;-1.78;40.93;zona_qualidade;zona_qualidade;zona_qualidade;atencao_leve;False
L5175-PARQUE SAO LUCAS;REGULAR;SP;Capital;609;51;16;8.37;24.41238095238095;58.49800000000005;75.04105090311987;70.60755336617406;72.57799671592775;2824.0;1210.0;160269.0;-4.43;-2.46;40.34;excelente;zona_qualidade;zona_qualidade;atencao_leve;False
L5146-ITATIBA;REGULAR;SP;Interior;502;44;15;8.76;24.879043824701196;59.973000000000035;77.68924302788844;69.12350597609563;72.50996015936255;2572.0;1060.0;84236.0;-8.57;-5.18;40.23;excelente;zona_qualidade;zona_qualidade;atencao_leve;False
L5106-GUILHERMINA (1516);REGULAR;SP;Litoral;820;69;23;8.41;23.69160975609756;61.28800000000001;79.02439024390245;73.65853658536585;76.46341463414635;2839.0;1434.0;129860.0;-5.37;-2.56;40.17;excelente;zona_qualidade;excelente;atencao_leve;False
L5135-402 ASA SUL;REGULAR;DF;DF;346;34;13;9.83;24.27797687861272;59.66;76.878612716763;69.07514450867052;73.69942196531792;1243.0;780.0;54598.0;-7.8;-3.18;39.8;excelente;zona_qualidade;zona_qualidade;atencao_leve;False
L5084-GUAIPA (1349);TOCADORA;SP;Capital;463;39;14;8.42;24.188488120950325;58.288000000000004;71.2742980561555;69.3304535637149;71.92224622030238;1386.0;937.0;103856.0;-1.94;0.65;39.27;zona_qualidade;zona_qualidade;zona_qualidade;atencao_leve;False
L5034-D. PEDRO LL (0873);REGULAR;SP;RMSP;553;67;27;12.12;28.276003616636526;74.78800000000001;66.36528028933093;60.57866184448463;65.64195298372513;2657.0;1146.0;0.0;-5.79;-0.72;39.08;zona_qualidade;zona_qualidade;zona_qualidade;atencao_leve;False
L5168-SALTO;REGULAR;SP;Interior;412;33;14;8.01;24.728980582524272;61.843;74.75728155339806;69.90291262135922;71.35922330097088;2312.0;945.0;86252.0;-4.85;-3.4;39.02;zona_qualidade;zona_qualidade;zona_qualidade;atencao_leve;False
L5229-GLAUCIO GIL;REGULAR;RJ;RJ;582;47;13;8.08;24.64201030927835;61.084999999999994;75.08591065292096;70.27491408934708;71.8213058419244;2492.0;1131.0;107821.0;-4.81;-3.26;38.84;excelente;zona_qualidade;zona_qualidade;atencao_leve;False
L5163-TAQUARI;REGULAR;DF;DF;345;30;10;8.7;24.7844347826087;61.10600000000001;76.52173913043478;68.40579710144927;71.01449275362319;1568.0;843.0;72248.0;-8.12;-5.51;38.41;excelente;zona_qualidade;zona_qualidade;atencao_leve;False
L5216-UBATUBA;REGULAR;SP;Litoral;408;37;9;9.07;24.740735294117645;60.03500000000001;73.77450980392157;68.87254901960785;72.30392156862744;1757.0;887.0;92775.0;-4.9;-1.47;38.36;zona_qualidade;zona_qualidade;zona_qualidade;atencao_leve;False
L5172-PRESIDENTE PRUDENTE;REGULAR;SP;Interior;588;51;16;8.67;23.67760204081633;59.73000000000002;80.61224489795919;72.44897959183673;76.19047619047619;3241.0;1173.0;76973.0;-8.16;-4.42;38.23;excelente;zona_qualidade;excelente;atencao_leve;False
L5150-ARARAQUARA;REGULAR;SP;Interior;585;45;14;7.69;24.384564102564102;59.95400000000001;73.67521367521368;70.5982905982906;71.7948717948718;3132.0;1183.0;89553.0;-3.08;-1.88;38.18;zona_qualidade;zona_qualidade;zona_qualidade;atencao_leve;False
L5117-NOVA GRANADA;REGULAR;SP;RMSP;1094;80;24;7.31;22.271078610603293;56.41;79.15904936014626;77.42230347349177;77.6965265082267;3306.0;1776.0;161617.0;-1.74;-1.46;37.48;excelente;excelente;excelente;atencao_leve;False
L5259-ALL WAYS MALL;REGULAR;RJ;RJ;677;53;17;7.83;23.70472673559823;59.38999999999999;77.25258493353027;72.3781388478582;76.07090103397341;2059.0;1262.0;78219.0;-4.87;-1.18;37.33;excelente;zona_qualidade;excelente;atencao_leve;False
L5235-LOUVEIRA;TOCADORA;SP;Interior;242;26;6;10.74;23.621942148760333;68.553;74.79338842975206;70.24793388429752;74.3801652892562;1147.0;678.0;64761.0;-4.55;-0.41;37.11;zona_qualidade;zona_qualidade;zona_qualidade;atencao_leve;False
L5160-GUARATINGUETA;REGULAR;SP;Interior;503;35;17;6.96;23.387773359840953;56.42;79.52286282306163;72.36580516898609;76.93836978131213;2574.0;1077.0;97332.0;-7.16;-2.58;35.77;excelente;zona_qualidade;excelente;atencao_leve;False
L5132-CANTO DO FORTE;REGULAR;SP;Litoral;726;56;9;7.71;23.462203856749312;58.16;79.61432506887053;74.10468319559229;76.44628099173553;2799.0;1314.0;129118.0;-5.51;-3.17;34.45;excelente;zona_qualidade;excelente;atencao_leve;False
L5239-CACAPAVA;REGULAR;SP;Interior;339;25;9;7.37;23.101828908554573;58.116;73.15634218289085;72.86135693215338;73.15634218289085;1883.0;838.0;80544.0;-0.29;0.0;34.06;zona_qualidade;zona_qualidade;zona_qualidade;atencao_leve;False
L5118-ARACATUBA;REGULAR;SP;Interior;273;25;6;9.16;23.046630036630035;57.07200000000001;76.55677655677655;71.42857142857143;75.0915750915751;1359.0;730.0;54939.0;-5.13;-1.47;33.85;excelente;zona_qualidade;excelente;atencao_leve;False
L5111-VINHEDO;REGULAR;SP;Interior;263;23;6;8.75;23.015779467680606;60.554;73.00380228136882;72.24334600760456;74.1444866920152;1222.0;698.0;62786.0;-0.76;1.14;33.65;zona_qualidade;zona_qualidade;zona_qualidade;atencao_leve;False
L5225-ARUJA;REGULAR;SP;RMSP;269;22;6;8.18;22.60156133828996;57.99200000000001;74.34944237918215;73.60594795539033;73.23420074349443;1107.0;706.0;110432.0;-0.74;-1.12;33.42;zona_qualidade;zona_qualidade;zona_qualidade;atencao_leve;False
L5003-LINS (0340);REGULAR;SP;Interior;367;27;6;7.36;23.220354223433244;54.816;72.47956403269755;71.93460490463215;73.02452316076294;1712.0;887.0;127225.0;-0.54;0.54;32.91;zona_qualidade;zona_qualidade;zona_qualidade;atencao_leve;False
L5284-25 DE AGOSTO;REGULAR;RJ;RJ;708;52;9;7.34;23.260663841807908;56.344000000000015;80.36723163841808;73.87005649717514;77.25988700564972;2943.0;1325.0;77278.0;-6.5;-3.11;32.86;excelente;zona_qualidade;excelente;atencao_leve;False
L5278-ITAPECERICA DA SERRA;REGULAR;SP;RMSP;781;52;18;6.66;21.64934699103713;55.11;83.22663252240717;78.87323943661971;82.58642765685019;2890.0;1418.0;108034.0;-4.35;-0.64;32.64;excelente;excelente;excelente;atencao_leve;False
L5195-LEME;REGULAR;SP;Interior;306;26;10;8.5;21.45911764705882;56.455;81.69934640522875;76.79738562091504;80.3921568627451;1881.0;815.0;55447.0;-4.9;-1.31;32.32;excelente;excelente;excelente;atencao_leve;False
L5151-PINDAMONHANGABA;REGULAR;SP;Interior;328;23;10;7.01;22.942896341463413;53.971000000000025;81.70731707317073;73.17073170731707;77.4390243902439;1610.0;802.0;63503.0;-8.54;-4.27;32.3;excelente;zona_qualidade;excelente;atencao_leve;False
L5140-OSASCO KM 18;REGULAR;SP;RMSP;766;47;16;6.14;21.668720626631856;54.195;82.24543080939948;78.3289817232376;80.80939947780679;2344.0;1319.0;148066.0;-3.92;-1.44;32.22;excelente;excelente;excelente;atencao_leve;False
L5272-ILHABELA;TOCADORA;SP;Litoral;288;21;5;7.29;23.308611111111112;55.522000000000006;75.0;71.52777777777779;72.22222222222221;1364.0;773.0;112011.0;-3.47;-2.78;32.17;excelente;zona_qualidade;zona_qualidade;atencao_leve;False
L5281-OLIVEIRA FREIRE;REGULAR;SP;Capital;335;21;8;6.27;22.042597014925374;54.388000000000005;73.73134328358208;75.22388059701493;74.92537313432835;1715.0;859.0;96096.0;1.49;1.19;30.7;zona_qualidade;excelente;zona_qualidade;atencao_leve;False
L5227-CRUZEIRO;REGULAR;SP;Interior;333;24;7;7.21;22.115285285285285;56.54400000000001;78.07807807807808;75.37537537537537;77.77777777777779;1862.0;826.0;82886.0;-2.7;-0.3;30.54;excelente;excelente;excelente;atencao_leve;False
L5233-MONGAGUA;REGULAR;SP;Litoral;700;40;10;5.71;21.1933;54.36700000000001;83.42857142857143;79.57142857142857;80.85714285714286;2863.0;1292.0;128843.0;-3.86;-2.57;28.78;excelente;excelente;excelente;atencao_leve;False
L5154-RIO CLARO;REGULAR;SP;Interior;325;21;7;6.46;21.79870769230769;55.39400000000001;80.3076923076923;76.0;78.46153846153847;1657.0;819.0;58528.0;-4.31;-1.85;28.52;excelente;excelente;excelente;atencao_leve;False
L5164-ITAPETININGA;REGULAR;SP;Interior;485;27;7;5.57;21.84354639175258;55.206;77.7319587628866;76.70103092783506;77.7319587628866;2604.0;1022.0;79756.0;-1.03;0.0;27.81;excelente;excelente;excelente;atencao_leve;False
L5016-ANDRADINA (0573);REGULAR;SP;Interior;292;21;4;7.19;20.907808219178083;52.268000000000015;83.9041095890411;77.3972602739726;82.1917808219178;1665.0;781.0;69173.0;-6.51;-1.71;25.6;excelente;excelente;excelente;atencao_leve;False
L5246-MALL MULTI GERMINARE;TOCADORA;SP;Capital;293;15;5;5.12;20.522286689419794;51.72200000000001;86.00682593856655;78.839590443686;81.91126279863481;1232.0;707.0;215553.0;-7.17;-4.1;24.57;excelente;excelente;excelente;alta_performance;False
L5197-LIMEIRA;REGULAR;SP;Interior;399;24;5;6.02;20.634937343358395;51.602;84.21052631578947;79.4486215538847;82.95739348370927;1931.0;917.0;68007.0;-4.76;-1.25;24.3;excelente;excelente;excelente;atencao_leve;False
L5267-JAU;REGULAR;SP;Interior;239;10;4;4.18;18.27673640167364;48.70800000000003;83.68200836820083;84.51882845188284;86.19246861924687;1110.0;676.0;43702.0;0.84;2.51;17.19;excelente;excelente;excelente;atencao_leve;False
