centro_nv2;nps_tradicional;nps_ajustado;delta;faixa_trad;faixa_ajust;mudou_faixa;flag;alerta
L5001-RIBEIRAO PRETO (0217);88.070796460177;88.070796460177;0.0;Excelente (≥75);Excelente (≥75);False;REGULAR;ESTAVEL
L5002-ALPHAVILLE (0290);86.2298195631529;86.2298195631529;0.0;Excelente (≥75);Excelente (≥75);False;REGULAR;ESTAVEL
L5003-LINS (0340);88.96028037383178;88.96028037383178;0.0;Excelente (≥75);Excelente (≥75);False;REGULAR;ESTAVEL
L5004-CAMPO BELO (0448);84.7764572722128;84.7764572722128;0.0;Excelente (≥75);Excelente (≥75);False;REGULAR;ESTAVEL
L5005-BROOKLIN (0475);83.25455773126265;83.25455773126265;0.0;Excelente (≥75);Excelente (≥75);False;TOCADORA;ESTAVEL
L5006-MARAJOARA (0487);82.70408163265306;82.70408163265306;0.0;Excelente (≥75);Excelente (≥75);False;REGULAR;ESTAVEL
L5007-KLABIN (0496);76.25845229151015;76.25845229151015;0.0;Excelente (≥75);Excelente (≥75);False;TOCADORA;ESTAVEL
L5008-SCS MAUA (0500);86.86131386861314;86.86131386861314;0.0;Excelente (≥75);Excelente (≥75);False;REGULAR;ESTAVEL
L5009-PIRITUBA (0508);86.59742828882295;86.59742828882295;0.0;Excelente (≥75);Excelente (≥75);False;TOCADORA;ESTAVEL
L5012-SOROCABA (0527);91.37353433835847;91.37353433835847;0.0;Excelente (≥75);Excelente (≥75);False;REGULAR;ESTAVEL
L5013-GRANJA VIANA (0545);87.72123893805309;87.72123893805309;0.0;Excelente (≥75);Excelente (≥75);False;REGULAR;ESTAVEL
L5014-ROUXINOL (0567);80.93126385809313;80.93126385809313;0.0;Excelente (≥75);Excelente (≥75);False;TOCADORA;ESTAVEL
L5015-BARAO ITAPURA (0570);88.09373020899304;88.09373020899304;0.0;Excelente (≥75);Excelente (≥75);False;TOCADORA;ESTAVEL
L5016-ANDRADINA (0573);93.45345345345345;93.45345345345345;0.0;Excelente (≥75);Excelente (≥75);False;REGULAR;ESTAVEL
L5017-LEOPOLDINA (0576);79.03109182935647;79.03109182935647;0.0;Excelente (≥75);Excelente (≥75);False;TOCADORA;ESTAVEL
L5018-MOEMA JURUCE (0584);87.81798638480831;87.81798638480831;0.0;Excelente (≥75);Excelente (≥75);False;REGULAR;ESTAVEL
L5019-ANGELICA (0684);84.67573221757321;84.67573221757321;0.0;Excelente (≥75);Excelente (≥75);False;REGULAR;ESTAVEL
L5020-VILA MARIANA 2 (0779);78.72111767866738;78.72111767866738;0.0;Excelente (≥75);Excelente (≥75);False;REGULAR;ESTAVEL
L5021-VILA SAUDE (0782);82.80445969125213;82.80445969125213;0.0;Excelente (≥75);Excelente (≥75);False;TOCADORA;ESTAVEL
L5022-SAO CAETANO CENTRO (0811);87.15277777777779;87.15277777777779;0.0;Excelente (≥75);Excelente (≥75);False;REGULAR;ESTAVEL
L5023-JOSE BONIFACIO (0813);86.74275680421422;86.74275680421422;0.0;Excelente (≥75);Excelente (≥75);False;REGULAR;ESTAVEL
L5024-VALINHOS (0814);88.23529411764706;88.23529411764706;0.0;Excelente (≥75);Excelente (≥75);False;REGULAR;ESTAVEL
L5025-PANAMBY (0817);85.13876454789614;85.13876454789614;0.0;Excelente (≥75);Excelente (≥75);False;REGULAR;ESTAVEL
L5026-VILA MARIA (0818);89.64677222898904;89.64677222898904;0.0;Excelente (≥75);Excelente (≥75);False;TOCADORA;ESTAVEL
L5027-ACLIMACAO (0851);82.90691344583561;82.90691344583561;0.0;Excelente (≥75);Excelente (≥75);False;TOCADORA;ESTAVEL
L5028-VILA PAULICEIA (0853);88.56601389766267;88.56601389766267;0.0;Excelente (≥75);Excelente (≥75);False;REGULAR;ESTAVEL
L5030-SAUDADE (0856);88.73188405797102;88.73188405797102;0.0;Excelente (≥75);Excelente (≥75);False;REGULAR;ESTAVEL
L5031-PERDIZES (0860);83.20413436692506;83.20413436692506;0.0;Excelente (≥75);Excelente (≥75);False;TOCADORA;ESTAVEL
L5033-SANTANA (0868);81.55339805825243;81.55339805825243;0.0;Excelente (≥75);Excelente (≥75);False;TOCADORA;ESTAVEL
L5034-D. PEDRO LL (0873);88.7467068121942;88.7467068121942;0.0;Excelente (≥75);Excelente (≥75);False;REGULAR;ESTAVEL
L5035-TREMEMBE (0875);87.07865168539325;87.07865168539325;0.0;Excelente (≥75);Excelente (≥75);False;REGULAR;ESTAVEL
L5037-VILA ROMANA (0880);81.36300417246176;81.36300417246176;0.0;Excelente (≥75);Excelente (≥75);False;TOCADORA;ESTAVEL
L5038-SAO JOSE DOS CAMPOS (0886);89.86700443318556;89.86700443318556;0.0;Excelente (≥75);Excelente (≥75);False;REGULAR;ESTAVEL
L5039-ZELINA (1208);87.75235531628532;87.75235531628532;0.0;Excelente (≥75);Excelente (≥75);False;REGULAR;ESTAVEL
L5040-GUARULHOS (1211);87.78538812785388;87.78538812785388;0.0;Excelente (≥75);Excelente (≥75);False;REGULAR;ESTAVEL
L5041-TAUBATE (1224);91.48351648351648;91.48351648351648;0.0;Excelente (≥75);Excelente (≥75);False;REGULAR;ESTAVEL
L5042-IPIRANGA (1237);85.39462978030919;85.39462978030919;0.0;Excelente (≥75);Excelente (≥75);False;REGULAR;ESTAVEL
L5043-PORTUGAL (1239);83.9677047289504;83.9677047289504;0.0;Excelente (≥75);Excelente (≥75);False;REGULAR;ESTAVEL
L5044-INDAIATUBA (1243);87.31988472622479;87.31988472622479;0.0;Excelente (≥75);Excelente (≥75);False;REGULAR;ESTAVEL
L5045-TATUAPE (1247);85.95194085027727;85.95194085027727;0.0;Excelente (≥75);Excelente (≥75);False;REGULAR;ESTAVEL
L5046-VILA CARRAO (1248);86.81837698583082;86.81837698583082;0.0;Excelente (≥75);Excelente (≥75);False;REGULAR;ESTAVEL
L5047-SAO BERNARDO (1255);86.47856357640161;86.47856357640161;0.0;Excelente (≥75);Excelente (≥75);False;REGULAR;ESTAVEL
L5048-SJC ANDROMEDA (1261);90.12846517917512;90.12846517917512;0.0;Excelente (≥75);Excelente (≥75);False;REGULAR;ESTAVEL
L5049-RIB.PRETO INDEPENDENCIA (1266);84.4136926438456;84.4136926438456;0.0;Excelente (≥75);Excelente (≥75);False;REGULAR;ESTAVEL
L5050-SOROCABA W.LUIZ (1273);89.21821305841925;89.21821305841925;0.0;Excelente (≥75);Excelente (≥75);False;REGULAR;ESTAVEL
L5051-VILA PRUDENTE (1276);84.76923076923077;84.76923076923077;0.0;Excelente (≥75);Excelente (≥75);False;REGULAR;ESTAVEL
L5052-PINHEIROS (1277);84.38948995363215;84.38948995363215;0.0;Excelente (≥75);Excelente (≥75);False;TOCADORA;ESTAVEL
L5053-MORUMBI (1278);85.6137607505864;85.6137607505864;0.0;Excelente (≥75);Excelente (≥75);False;TOCADORA;ESTAVEL
L5054-PLANALTO (1279);83.00395256916995;83.00395256916995;0.0;Excelente (≥75);Excelente (≥75);False;REGULAR;ESTAVEL
L5055-CAMBUCI (1284);83.18695106649938;83.18695106649938;0.0;Excelente (≥75);Excelente (≥75);False;TOCADORA;ESTAVEL
L5056-PENHA (1285);87.12871287128714;87.12871287128714;0.0;Excelente (≥75);Excelente (≥75);False;REGULAR;ESTAVEL
L5057-BOQUEIRAO (1289);89.28571428571429;89.28571428571429;0.0;Excelente (≥75);Excelente (≥75);False;REGULAR;ESTAVEL
L5058-JD. BONFIGLIOLI (1291);83.36791147994468;83.36791147994468;0.0;Excelente (≥75);Excelente (≥75);False;TOCADORA;ESTAVEL
L5059-TUTOIA (1294);83.2271762208068;83.2271762208068;0.0;Excelente (≥75);Excelente (≥75);False;TOCADORA;ESTAVEL
L5061-BOSQUE MAIA (1304);84.22186322024771;84.22186322024771;0.0;Excelente (≥75);Excelente (≥75);False;REGULAR;ESTAVEL
L5062-ASSUNCAO (1310);84.84509145203434;84.84509145203434;0.0;Excelente (≥75);Excelente (≥75);False;REGULAR;ESTAVEL
L5063-SAO CAMILO (1311);82.40384615384615;82.40384615384615;0.0;Excelente (≥75);Excelente (≥75);False;REGULAR;ESTAVEL
L5064-CHACARA INGLESA (1312);86.51414810355207;86.51414810355207;0.0;Excelente (≥75);Excelente (≥75);False;REGULAR;ESTAVEL
L5065-LINS DE VASCONCELOS (1313);85.04453820909517;85.04453820909517;0.0;Excelente (≥75);Excelente (≥75);False;REGULAR;ESTAVEL
L5066-CARAPICUIBA (1317);87.31825525040388;87.31825525040388;0.0;Excelente (≥75);Excelente (≥75);False;REGULAR;ESTAVEL
L5067-CHACARA ST. ANTONIO (1318);82.19669777458722;82.19669777458722;0.0;Excelente (≥75);Excelente (≥75);False;TOCADORA;ESTAVEL
L5068-BOSQUE DA SAUDE (1321);86.07172643869892;86.07172643869892;0.0;Excelente (≥75);Excelente (≥75);False;REGULAR;ESTAVEL
L5069-AGUA RASA (1322);88.66099071207431;88.66099071207431;0.0;Excelente (≥75);Excelente (≥75);False;REGULAR;ESTAVEL
L5070-BORGES LAGOA (1323);80.9414466130884;80.9414466130884;0.0;Excelente (≥75);Excelente (≥75);False;TOCADORA;ESTAVEL
L5071-BELA VISTA (1326);84.63324048282266;84.63324048282266;0.0;Excelente (≥75);Excelente (≥75);False;TOCADORA;ESTAVEL
L5072-SERRA DE JAPI (1330);86.00281822451855;86.00281822451855;0.0;Excelente (≥75);Excelente (≥75);False;REGULAR;ESTAVEL
L5073-VILA GUILHERME (1331);86.92175899486007;86.92175899486007;0.0;Excelente (≥75);Excelente (≥75);False;REGULAR;ESTAVEL
L5074-VOLUNTARIOS DA PATRIA (1335);81.65846802529867;81.65846802529867;0.0;Excelente (≥75);Excelente (≥75);False;TOCADORA;ESTAVEL
L5076-PIRACICABA (1337);86.83216405828387;86.83216405828387;0.0;Excelente (≥75);Excelente (≥75);False;REGULAR;ESTAVEL
L5077-OSCAR FREIRE (1341);87.74647887323944;87.74647887323944;0.0;Excelente (≥75);Excelente (≥75);False;REGULAR;ESTAVEL
L5078-CAMPO BELO 2 (1342);80.84795321637426;80.84795321637426;0.0;Excelente (≥75);Excelente (≥75);False;TOCADORA;ESTAVEL
L5081-VILA OLIMPIA (1345);81.27090301003345;81.27090301003345;0.0;Excelente (≥75);Excelente (≥75);False;TOCADORA;ESTAVEL
L5082-VILA ANDRADE (1346);79.20592193808884;79.20592193808884;0.0;Excelente (≥75);Excelente (≥75);False;REGULAR;ESTAVEL
L5083-BARCELONA (1347);87.43131868131869;87.43131868131869;0.0;Excelente (≥75);Excelente (≥75);False;REGULAR;ESTAVEL
L5084-GUAIPA (1349);85.85858585858585;85.85858585858585;0.0;Excelente (≥75);Excelente (≥75);False;TOCADORA;ESTAVEL
L5086-PORTAL DO MORUMBI (1352);86.86440677966102;86.86440677966102;0.0;Excelente (≥75);Excelente (≥75);False;REGULAR;ESTAVEL
L5087-ALBERTO ANDALO (1353);90.03215434083602;90.03215434083602;0.0;Excelente (≥75);Excelente (≥75);False;REGULAR;ESTAVEL
L5088-PONTA DA PRAIA (1363);87.80225685115529;87.80225685115529;0.0;Excelente (≥75);Excelente (≥75);False;REGULAR;ESTAVEL
L5089-BOA VISTA (1364);87.02388637830859;87.02388637830859;0.0;Excelente (≥75);Excelente (≥75);False;REGULAR;ESTAVEL
L5090-NORTE SUL (1365);87.146529562982;87.146529562982;0.0;Excelente (≥75);Excelente (≥75);False;TOCADORA;ESTAVEL
L5091-NOVA CANTAREIRA (1366);86.67051356030005;86.67051356030005;0.0;Excelente (≥75);Excelente (≥75);False;TOCADORA;ESTAVEL
L5092-VILA AUGUSTA (1374);83.64312267657994;83.64312267657994;0.0;Excelente (≥75);Excelente (≥75);False;TOCADORA;ESTAVEL
L5093-PERDIZES 2 (1376);81.23441396508728;81.23441396508728;0.0;Excelente (≥75);Excelente (≥75);False;TOCADORA;ESTAVEL
L5095-VILLA LOBOS (1380);78.65814696485623;78.65814696485623;0.0;Excelente (≥75);Excelente (≥75);False;TOCADORA;ESTAVEL
L5097-JUNDIAI (1404);83.75056895766954;83.75056895766954;0.0;Excelente (≥75);Excelente (≥75);False;REGULAR;ESTAVEL
L5098-AUTONOMISTAS (1405);88.27351485148515;88.27351485148515;0.0;Excelente (≥75);Excelente (≥75);False;REGULAR;ESTAVEL
L5099-VILA MATILDE (1421);85.72923935799022;85.72923935799022;0.0;Excelente (≥75);Excelente (≥75);False;REGULAR;ESTAVEL
L5100-INTERLAGOS (1431);85.91874422899353;85.91874422899353;0.0;Excelente (≥75);Excelente (≥75);False;REGULAR;ESTAVEL
L5101-CIDADE SAO FRANCISCO (1432);86.61800486618006;86.61800486618006;0.0;Excelente (≥75);Excelente (≥75);False;TOCADORA;ESTAVEL
L5102-POMPEIA DESEMBARGADOR (1449);87.1569135163128;87.1569135163128;0.0;Excelente (≥75);Excelente (≥75);False;TOCADORA;ESTAVEL
L5103-ATIBAIA (1454);84.75646422128683;84.75646422128683;0.0;Excelente (≥75);Excelente (≥75);False;TOCADORA;ESTAVEL
L5105-DOM PEDRO I (1457);86.98092031425365;86.98092031425365;0.0;Excelente (≥75);Excelente (≥75);False;REGULAR;ESTAVEL
L5106-GUILHERMINA (1516);90.24304332511448;90.24304332511448;0.0;Excelente (≥75);Excelente (≥75);False;REGULAR;ESTAVEL
L5107-MANDAQUI (1521);81.1973018549747;81.1973018549747;0.0;Excelente (≥75);Excelente (≥75);False;TOCADORA;ESTAVEL
L5108-MOGI DAS CRUZES (1527);87.74725274725274;87.74725274725274;0.0;Excelente (≥75);Excelente (≥75);False;REGULAR;ESTAVEL
L5109-SANTOS POMPEIA;83.46111719605696;83.46111719605696;0.0;Excelente (≥75);Excelente (≥75);False;REGULAR;ESTAVEL
L5111-VINHEDO;90.75286415711948;90.75286415711948;0.0;Excelente (≥75);Excelente (≥75);False;REGULAR;ESTAVEL
L5112-BAURU;88.54489164086688;88.54489164086688;0.0;Excelente (≥75);Excelente (≥75);False;TOCADORA;ESTAVEL
L5113-ANASTACIO;83.86046511627907;83.86046511627907;0.0;Excelente (≥75);Excelente (≥75);False;TOCADORA;ESTAVEL
L5114-106 ASA SUL;85.27284681130834;85.27284681130834;0.0;Excelente (≥75);Excelente (≥75);False;REGULAR;ESTAVEL
L5116-ENSEADA;89.14405010438414;89.14405010438414;0.0;Excelente (≥75);Excelente (≥75);False;REGULAR;ESTAVEL
L5117-NOVA GRANADA;88.11252268602541;88.11252268602541;0.0;Excelente (≥75);Excelente (≥75);False;REGULAR;ESTAVEL
L5118-ARACATUBA;91.3907284768212;91.3907284768212;0.0;Excelente (≥75);Excelente (≥75);False;REGULAR;ESTAVEL
L5119-AGUAS CLARAS (ARAUCARIAS);87.58647194465794;87.58647194465794;0.0;Excelente (≥75);Excelente (≥75);False;REGULAR;ESTAVEL
L5120-ITU;90.4417670682731;90.4417670682731;0.0;Excelente (≥75);Excelente (≥75);False;REGULAR;ESTAVEL
L5121-VILA MASCOTE;83.49514563106796;83.49514563106796;0.0;Excelente (≥75);Excelente (≥75);False;REGULAR;ESTAVEL
L5122-PONTE RASA;88.2280809319436;88.2280809319436;0.0;Excelente (≥75);Excelente (≥75);False;REGULAR;ESTAVEL
L5123-SAO VICENTE;87.99730276466622;87.99730276466622;0.0;Excelente (≥75);Excelente (≥75);False;REGULAR;ESTAVEL
L5124-BOTUCATU;90.4566744730679;90.4566744730679;0.0;Excelente (≥75);Excelente (≥75);False;TOCADORA;ESTAVEL
L5126-CELSO GARCIA;88.94488188976378;88.94488188976378;0.0;Excelente (≥75);Excelente (≥75);False;REGULAR;ESTAVEL
L5127-SAO ROQUE;91.57287157287158;91.57287157287158;0.0;Excelente (≥75);Excelente (≥75);False;REGULAR;ESTAVEL
L5129-REAL PARQUE;89.17293233082707;89.17293233082707;0.0;Excelente (≥75);Excelente (≥75);False;TOCADORA;ESTAVEL
L5130-TUPI;90.74012612014603;90.74012612014603;0.0;Excelente (≥75);Excelente (≥75);False;REGULAR;ESTAVEL
L5131-TAUBATE SAO GERALDO;89.84088127294982;89.84088127294982;0.0;Excelente (≥75);Excelente (≥75);False;REGULAR;ESTAVEL
L5132-CANTO DO FORTE;90.9967845659164;90.9967845659164;0.0;Excelente (≥75);Excelente (≥75);False;REGULAR;ESTAVEL
L5134-GILBERTO SALOMAO;87.6229034123771;87.6229034123771;0.0;Excelente (≥75);Excelente (≥75);False;REGULAR;ESTAVEL
L5135-402 ASA SUL;89.21962992759454;89.21962992759454;0.0;Excelente (≥75);Excelente (≥75);False;REGULAR;ESTAVEL
L5136-RIB.PRETO ALTO DA BOA VISTA;84.84848484848484;84.84848484848484;0.0;Excelente (≥75);Excelente (≥75);False;REGULAR;ESTAVEL
L5138-306 ASA NORTE;86.09435970202199;86.09435970202199;0.0;Excelente (≥75);Excelente (≥75);False;REGULAR;ESTAVEL
L5139-SBC RUDGE RAMOS;86.70385867038587;86.70385867038587;0.0;Excelente (≥75);Excelente (≥75);False;REGULAR;ESTAVEL
L5140-OSASCO KM 18;91.6382252559727;91.6382252559727;0.0;Excelente (≥75);Excelente (≥75);False;REGULAR;ESTAVEL
L5141-ALTO TAQUARAL;90.70129870129871;90.70129870129871;0.0;Excelente (≥75);Excelente (≥75);False;REGULAR;ESTAVEL
L5142-MARILIA;91.55844155844156;91.55844155844156;0.0;Excelente (≥75);Excelente (≥75);False;REGULAR;ESTAVEL
L5143-AQUARIUS;89.07741251325557;89.07741251325557;0.0;Excelente (≥75);Excelente (≥75);False;REGULAR;ESTAVEL
L5144-EMBU DAS ARTES;87.95664391810519;87.95664391810519;0.0;Excelente (≥75);Excelente (≥75);False;TOCADORA;ESTAVEL
L5145-TAMBORE;87.53541076487252;87.53541076487252;0.0;Excelente (≥75);Excelente (≥75);False;REGULAR;ESTAVEL
L5146-ITATIBA;92.26283048211509;92.26283048211509;0.0;Excelente (≥75);Excelente (≥75);False;REGULAR;ESTAVEL
L5147-ROLAND GARROS;90.54347826086956;90.54347826086956;0.0;Excelente (≥75);Excelente (≥75);False;TOCADORA;ESTAVEL
L5148-PARQUE DO CARMO;87.17257318952234;87.17257318952234;0.0;Excelente (≥75);Excelente (≥75);False;REGULAR;ESTAVEL
L5149-ALTO DA MOOCA;84.7246891651865;84.7246891651865;0.0;Excelente (≥75);Excelente (≥75);False;REGULAR;ESTAVEL
L5150-ARARAQUARA;91.60280970625799;91.60280970625799;0.0;Excelente (≥75);Excelente (≥75);False;REGULAR;ESTAVEL
L5151-PINDAMONHANGABA;93.91304347826087;93.91304347826087;0.0;Excelente (≥75);Excelente (≥75);False;REGULAR;ESTAVEL
L5152-ALTO DA BOA VISTA;81.35945384387058;81.35945384387058;0.0;Excelente (≥75);Excelente (≥75);False;TOCADORA;ESTAVEL
L5153-EMBARE;89.10457107075767;89.10457107075767;0.0;Excelente (≥75);Excelente (≥75);False;REGULAR;ESTAVEL
L5154-RIO CLARO;93.24079662039831;93.24079662039831;0.0;Excelente (≥75);Excelente (≥75);False;REGULAR;ESTAVEL
L5155-SUZANO;90.45545880776959;90.45545880776959;0.0;Excelente (≥75);Excelente (≥75);False;REGULAR;ESTAVEL
L5156-JARDIM PRUDENCIA;83.26673326673327;83.26673326673327;0.0;Excelente (≥75);Excelente (≥75);False;REGULAR;ESTAVEL
L5158-LEBLON;88.2582081246522;88.2582081246522;0.0;Excelente (≥75);Excelente (≥75);False;REGULAR;ESTAVEL
L5159-COTIA KM 39;83.44370860927152;83.44370860927152;0.0;Excelente (≥75);Excelente (≥75);False;REGULAR;ESTAVEL
L5160-GUARATINGUETA;93.31779331779332;93.31779331779332;0.0;Excelente (≥75);Excelente (≥75);False;REGULAR;ESTAVEL
L5161-ITANHAEM;89.38159879336351;89.38159879336351;0.0;Excelente (≥75);Excelente (≥75);False;REGULAR;ESTAVEL
L5163-TAQUARI;90.9438775510204;90.9438775510204;0.0;Excelente (≥75);Excelente (≥75);False;REGULAR;ESTAVEL
L5164-ITAPETININGA;93.4715821812596;93.4715821812596;0.0;Excelente (≥75);Excelente (≥75);False;REGULAR;ESTAVEL
L5165-MOGI DAS CRUZES MOGILAR;89.56469886702445;89.56469886702445;0.0;Excelente (≥75);Excelente (≥75);False;REGULAR;ESTAVEL
L5166-MAIRIPORA;85.3842527109854;85.3842527109854;0.0;Excelente (≥75);Excelente (≥75);False;TOCADORA;ESTAVEL
L5168-SALTO;91.56574394463668;91.56574394463668;0.0;Excelente (≥75);Excelente (≥75);False;REGULAR;ESTAVEL
L5169-JACAREI;89.73655323819978;89.73655323819978;0.0;Excelente (≥75);Excelente (≥75);False;REGULAR;ESTAVEL
L5172-PRESIDENTE PRUDENTE;93.98333847577908;93.98333847577908;0.0;Excelente (≥75);Excelente (≥75);False;REGULAR;ESTAVEL
L5173-PERUIBE;87.96861377506538;87.96861377506538;0.0;Excelente (≥75);Excelente (≥75);False;REGULAR;ESTAVEL
L5174-PERI PERI;81.82352941176471;81.82352941176471;0.0;Excelente (≥75);Excelente (≥75);False;TOCADORA;ESTAVEL
L5175-PARQUE SAO LUCAS;91.11189801699717;91.11189801699717;0.0;Excelente (≥75);Excelente (≥75);False;REGULAR;ESTAVEL
L5176-BRAGANCA PAULISTA;86.03603603603604;86.03603603603604;0.0;Excelente (≥75);Excelente (≥75);False;REGULAR;ESTAVEL
L5177-FREGUESIA DO O;84.42456283041886;84.42456283041886;0.0;Excelente (≥75);Excelente (≥75);False;TOCADORA;ESTAVEL
L5178-PERIMETRAL;88.11748998664886;88.11748998664886;0.0;Excelente (≥75);Excelente (≥75);False;REGULAR;ESTAVEL
L5179-VILA YARA;87.9261933413558;87.9261933413558;0.0;Excelente (≥75);Excelente (≥75);False;REGULAR;ESTAVEL
L5180-FREI CANECA;83.98938522777533;83.98938522777533;0.0;Excelente (≥75);Excelente (≥75);False;TOCADORA;ESTAVEL
L5181-RIBEIRAO PIRES;89.76207642393655;89.76207642393655;0.0;Excelente (≥75);Excelente (≥75);False;REGULAR;ESTAVEL
L5182-SAO JOSE DO RIO PRETO (DAMHA);88.06818181818183;88.06818181818183;0.0;Excelente (≥75);Excelente (≥75);False;REGULAR;ESTAVEL
L5184-PRACA VARNHAGEM;87.07648610265774;87.07648610265774;0.0;Excelente (≥75);Excelente (≥75);False;REGULAR;ESTAVEL
L5185-CLODOMIRO;80.73859522085446;80.73859522085446;0.0;Excelente (≥75);Excelente (≥75);False;TOCADORA;ESTAVEL
L5186-VILA DAS MERCES;83.95385422128999;83.95385422128999;0.0;Excelente (≥75);Excelente (≥75);False;REGULAR;ESTAVEL
L5187-MUTIRAO;86.428130783467;86.428130783467;0.0;Excelente (≥75);Excelente (≥75);False;REGULAR;ESTAVEL
L5188-CAJAMAR;89.19265271251602;89.19265271251602;0.0;Excelente (≥75);Excelente (≥75);False;REGULAR;ESTAVEL
L5192-ALPHAVILLE CONDE;85.09369676320273;85.09369676320273;0.0;Excelente (≥75);Excelente (≥75);False;REGULAR;ESTAVEL
L5193-COTIA;85.1657022619674;85.1657022619674;0.0;Excelente (≥75);Excelente (≥75);False;TOCADORA;ESTAVEL
L5195-LEME;94.68367889420522;94.68367889420522;0.0;Excelente (≥75);Excelente (≥75);False;REGULAR;ESTAVEL
L5197-LIMEIRA;93.83738995339202;93.83738995339202;0.0;Excelente (≥75);Excelente (≥75);False;REGULAR;ESTAVEL
L5198-VILA RESENDE;90.44347282948158;90.44347282948158;0.0;Excelente (≥75);Excelente (≥75);False;REGULAR;ESTAVEL
L5199-CASA VERDE;83.98849472674976;83.98849472674976;0.0;Excelente (≥75);Excelente (≥75);False;TOCADORA;ESTAVEL
L5200-JUVENTUS;80.4772234273319;80.4772234273319;0.0;Excelente (≥75);Excelente (≥75);False;TOCADORA;ESTAVEL
L5201-ANA COSTA;89.85095812633072;89.85095812633072;0.0;Excelente (≥75);Excelente (≥75);False;REGULAR;ESTAVEL
L5202-VILA CAICARA;90.62396830637174;90.62396830637174;0.0;Excelente (≥75);Excelente (≥75);False;REGULAR;ESTAVEL
L5204-ITAQUA;90.05102040816327;90.05102040816327;0.0;Excelente (≥75);Excelente (≥75);False;REGULAR;ESTAVEL
L5205-GRANJA KM 26;84.6938775510204;84.6938775510204;0.0;Excelente (≥75);Excelente (≥75);False;REGULAR;ESTAVEL
L5206-CACHOEIRINHA;83.57380688124306;83.57380688124306;0.0;Excelente (≥75);Excelente (≥75);False;TOCADORA;ESTAVEL
L5207-SANTO ANDRE ORATORIO;90.07001909611712;90.07001909611712;0.0;Excelente (≥75);Excelente (≥75);False;REGULAR;ESTAVEL
L5209-ITABERABA;87.32568949488689;87.32568949488689;0.0;Excelente (≥75);Excelente (≥75);False;TOCADORA;ESTAVEL
L5210-CAMPANELLA;85.82788980403294;85.82788980403294;0.0;Excelente (≥75);Excelente (≥75);False;REGULAR;ESTAVEL
L5213-REMEDIOS ONIX;88.95781637717121;88.95781637717121;0.0;Excelente (≥75);Excelente (≥75);False;TOCADORA;ESTAVEL
L5214-SAO MIGUEL;89.4128384545178;89.4128384545178;0.0;Excelente (≥75);Excelente (≥75);False;REGULAR;ESTAVEL
L5215-VILA EMA;89.19254658385093;89.19254658385093;0.0;Excelente (≥75);Excelente (≥75);False;REGULAR;ESTAVEL
L5216-UBATUBA;91.34889015367102;91.34889015367102;0.0;Excelente (≥75);Excelente (≥75);False;REGULAR;ESTAVEL
L5218-PARELHEIROS;91.64309591154537;91.64309591154537;0.0;Excelente (≥75);Excelente (≥75);False;REGULAR;ESTAVEL
L5219-AV. ITAQUERA;87.4954162082875;87.4954162082875;0.0;Excelente (≥75);Excelente (≥75);False;REGULAR;ESTAVEL
L5220-PLANALTO;84.8987108655617;84.8987108655617;0.0;Excelente (≥75);Excelente (≥75);False;REGULAR;ESTAVEL
L5221-BARUERI (BETHAVILLE);90.52631578947368;90.52631578947368;0.0;Excelente (≥75);Excelente (≥75);False;REGULAR;ESTAVEL
L5223-CAMPO LIMPO;86.89536878216123;86.89536878216123;0.0;Excelente (≥75);Excelente (≥75);False;REGULAR;ESTAVEL
L5225-ARUJA;89.5212285456188;89.5212285456188;0.0;Excelente (≥75);Excelente (≥75);False;REGULAR;ESTAVEL
L5227-CRUZEIRO;93.0719656283566;93.0719656283566;0.0;Excelente (≥75);Excelente (≥75);False;REGULAR;ESTAVEL
L5229-GLAUCIO GIL;91.81380417335474;91.81380417335474;0.0;Excelente (≥75);Excelente (≥75);False;REGULAR;ESTAVEL
L5230-LARGO DO MACHADO;85.17506404782237;85.17506404782237;0.0;Excelente (≥75);Excelente (≥75);False;REGULAR;ESTAVEL
L5231-SOROCABA PANNUNZIO;90.0554675118859;90.0554675118859;0.0;Excelente (≥75);Excelente (≥75);False;REGULAR;ESTAVEL
L5232-PARQUE ECOLOGICO;87.98055678303137;87.98055678303137;0.0;Excelente (≥75);Excelente (≥75);False;REGULAR;ESTAVEL
L5233-MONGAGUA;92.97939224589591;92.97939224589591;0.0;Excelente (≥75);Excelente (≥75);False;REGULAR;ESTAVEL
L5235-LOUVEIRA;90.75850043591979;90.75850043591979;0.0;Excelente (≥75);Excelente (≥75);False;TOCADORA;ESTAVEL
L5236-JACAREI VILLA BRANCA;89.33717579250721;89.33717579250721;0.0;Excelente (≥75);Excelente (≥75);False;REGULAR;ESTAVEL
L5237-PAULINIA;84.78854024556617;84.78854024556617;0.0;Excelente (≥75);Excelente (≥75);False;REGULAR;ESTAVEL
L5239-CACAPAVA;92.72437599575146;92.72437599575146;0.0;Excelente (≥75);Excelente (≥75);False;REGULAR;ESTAVEL
L5240-BARAO GERALDO;90.76517150395779;90.76517150395779;0.0;Excelente (≥75);Excelente (≥75);False;REGULAR;ESTAVEL
L5241-ITAPEVI;91.86656671664169;91.86656671664169;0.0;Excelente (≥75);Excelente (≥75);False;REGULAR;ESTAVEL
L5242-RECREIO;88.87459807073955;88.87459807073955;0.0;Excelente (≥75);Excelente (≥75);False;REGULAR;ESTAVEL
L5243-MONTE CASTELO;86.93126815101647;86.93126815101647;0.0;Excelente (≥75);Excelente (≥75);False;REGULAR;ESTAVEL
L5244-TAGUATINGA SUL;88.52637302882002;88.52637302882002;0.0;Excelente (≥75);Excelente (≥75);False;REGULAR;ESTAVEL
L5245-MAUA 2;89.14151313210506;89.14151313210506;0.0;Excelente (≥75);Excelente (≥75);False;REGULAR;ESTAVEL
L5246-MALL MULTI GERMINARE;94.23701298701299;94.23701298701299;0.0;Excelente (≥75);Excelente (≥75);False;TOCADORA;ESTAVEL
L5248-SBC PEREIRA BARRETO;85.67937438905182;85.67937438905182;0.0;Excelente (≥75);Excelente (≥75);False;REGULAR;ESTAVEL
L5249-SANTA TERESINHA;88.31236897274634;88.31236897274634;0.0;Excelente (≥75);Excelente (≥75);False;REGULAR;ESTAVEL
L5250-VILA RICA;88.03827751196172;88.03827751196172;0.0;Excelente (≥75);Excelente (≥75);False;REGULAR;ESTAVEL
L5251-JANGADEIROS;90.2127659574468;90.2127659574468;0.0;Excelente (≥75);Excelente (≥75);False;REGULAR;ESTAVEL
L5252-14 DE DEZEMBRO;87.81446540880503;87.81446540880503;0.0;Excelente (≥75);Excelente (≥75);False;REGULAR;ESTAVEL
L5253-HORTO;87.70311813790074;87.70311813790074;0.0;Excelente (≥75);Excelente (≥75);False;TOCADORA;ESTAVEL
L5259-ALL WAYS MALL;89.02379796017485;89.02379796017485;0.0;Excelente (≥75);Excelente (≥75);False;REGULAR;ESTAVEL
L5261-UNIMART;91.14060258249641;91.14060258249641;0.0;Excelente (≥75);Excelente (≥75);False;REGULAR;ESTAVEL
L5262-URBANOVA;87.5;87.5;0.0;Excelente (≥75);Excelente (≥75);False;REGULAR;ESTAVEL
L5266-MATEO BEI;87.17562993606619;87.17562993606619;0.0;Excelente (≥75);Excelente (≥75);False;REGULAR;ESTAVEL
L5267-JAU;92.88288288288288;92.88288288288288;0.0;Excelente (≥75);Excelente (≥75);False;REGULAR;ESTAVEL
L5268-TIBURCIO;90.86942972888751;90.86942972888751;0.0;Excelente (≥75);Excelente (≥75);False;REGULAR;ESTAVEL
L5272-ILHABELA;89.29618768328446;89.29618768328446;0.0;Excelente (≥75);Excelente (≥75);False;TOCADORA;ESTAVEL
L5273-MORRO GRANDE;86.66666666666667;86.66666666666667;0.0;Excelente (≥75);Excelente (≥75);False;TOCADORA;ESTAVEL
L5277-VILA CURUCA (NORDESTINA);88.84892086330936;88.84892086330936;0.0;Excelente (≥75);Excelente (≥75);False;REGULAR;ESTAVEL
L5278-ITAPECERICA DA SERRA;91.6955017301038;91.6955017301038;0.0;Excelente (≥75);Excelente (≥75);False;REGULAR;ESTAVEL
L5279-BOX CAIEIRAS;90.15979814970564;90.15979814970564;0.0;Excelente (≥75);Excelente (≥75);False;TOCADORA;ESTAVEL
L5281-OLIVEIRA FREIRE;89.38775510204081;89.38775510204081;0.0;Excelente (≥75);Excelente (≥75);False;REGULAR;ESTAVEL
L5282-PARQUE OLIMPICO;88.20017059994314;88.20017059994314;0.0;Excelente (≥75);Excelente (≥75);False;REGULAR;ESTAVEL
L5283-ALDEIA DA SERRA;86.73469387755102;86.73469387755102;0.0;Excelente (≥75);Excelente (≥75);False;TOCADORA;ESTAVEL
L5284-25 DE AGOSTO;92.49065579340808;92.49065579340808;0.0;Excelente (≥75);Excelente (≥75);False;REGULAR;ESTAVEL
L5290-SAO LOURENCO;90.8284023668639;90.8284023668639;0.0;Excelente (≥75);Excelente (≥75);False;REGULAR;ESTAVEL
