centro_nv2;total;positivo;neutro;negativo;pct_positivo;pct_neutro;pct_negativo;flag
L5186-VILA DAS MERCES;450;290;67;93;64.4;14.9;20.7;REGULAR
L5200-JUVENTUS;333;189;75;69;56.8;22.5;20.7;TOCADORA
L5033-SANTANA (0868);276;179;41;56;64.9;14.9;20.3;TOCADORA
L5174-PERI PERI;478;304;79;95;63.6;16.5;19.9;TOCADORA
L5007-KLABIN (0496);488;314;78;96;64.3;16.0;19.7;TOCADORA
L5017-LEOPOLDINA (0576);389;242;71;76;62.2;18.3;19.5;TOCADORA
L5070-BORGES LAGOA (1323);527;332;94;101;63.0;17.8;19.2;TOCADORA
L5206-CACHOEIRINHA;444;293;66;85;66.0;14.9;19.1;TOCADORA
L5074-VOLUNTARIOS DA PATRIA (1335);393;250;68;75;63.6;17.3;19.1;TOCADORA
L5015-BARAO ITAPURA (0570);308;203;47;58;65.9;15.3;18.8;TOCADORA
L5081-VILA OLIMPIA (1345);234;145;45;44;62.0;19.2;18.8;TOCADORA
L5078-CAMPO BELO 2 (1342);409;269;64;76;65.8;15.6;18.6;TOCADORA
L5082-VILA ANDRADE (1346);486;311;85;90;64.0;17.5;18.5;REGULAR
L5149-ALTO DA MOOCA;660;424;115;121;64.2;17.4;18.3;REGULAR
L5095-VILLA LOBOS (1380);550;379;72;99;68.9;13.1;18.0;TOCADORA
L5014-ROUXINOL (0567);367;226;75;66;61.6;20.4;18.0;TOCADORA
L5136-RIB.PRETO ALTO DA BOA VISTA;236;161;34;41;68.2;14.4;17.4;REGULAR
L5006-MARAJOARA (0487);530;358;81;91;67.5;15.3;17.2;REGULAR
L5055-CAMBUCI (1284);617;419;92;106;67.9;14.9;17.2;TOCADORA
L5107-MANDAQUI (1521);322;206;61;55;64.0;18.9;17.1;TOCADORA
L5187-MUTIRAO;358;255;42;61;71.2;11.7;17.0;REGULAR
L5152-ALTO DA BOA VISTA;1027;679;173;175;66.1;16.8;17.0;TOCADORA
L5037-VILA ROMANA (0880);477;317;79;81;66.5;16.6;17.0;TOCADORA
L5083-BARCELONA (1347);324;223;46;55;68.8;14.2;17.0;REGULAR
L5027-ACLIMACAO (0851);463;301;84;78;65.0;18.1;16.8;TOCADORA
L5185-CLODOMIRO;443;311;58;74;70.2;13.1;16.7;TOCADORA
L5156-JARDIM PRUDENCIA;474;326;69;79;68.8;14.6;16.7;REGULAR
L5049-RIB.PRETO INDEPENDENCIA (1266);326;226;46;54;69.3;14.1;16.6;REGULAR
L5220-PLANALTO;421;281;71;69;66.7;16.9;16.4;REGULAR
L5099-VILA MATILDE (1421);621;423;96;102;68.1;15.5;16.4;REGULAR
L5180-FREI CANECA;678;466;103;109;68.7;15.2;16.1;TOCADORA
L5066-CARAPICUIBA (1317);269;194;32;43;72.1;11.9;16.0;REGULAR
L5067-CHACARA ST. ANTONIO (1318);381;246;74;61;64.6;19.4;16.0;TOCADORA
L5100-INTERLAGOS (1431);555;385;81;89;69.4;14.6;16.0;REGULAR
L5205-GRANJA KM 26;243;176;28;39;72.4;11.5;16.0;REGULAR
L5113-ANASTACIO;483;308;98;77;63.8;20.3;15.9;TOCADORA
L5043-PORTUGAL (1239);425;279;79;67;65.6;18.6;15.8;REGULAR
L5210-CAMPANELLA;818;555;134;129;67.8;16.4;15.8;REGULAR
L5199-CASA VERDE;543;378;79;86;69.6;14.5;15.8;TOCADORA
L5020-VILA MARIANA 2 (0779);539;344;110;85;63.8;20.4;15.8;REGULAR
L5005-BROOKLIN (0475);467;321;73;73;68.7;15.6;15.6;TOCADORA
L5059-TUTOIA (1294);574;370;115;89;64.5;20.0;15.5;TOCADORA
L5091-NOVA CANTAREIRA (1366);423;286;72;65;67.6;17.0;15.4;TOCADORA
L5022-SAO CAETANO CENTRO (0811);525;365;79;81;69.5;15.0;15.4;REGULAR
L5139-SBC RUDGE RAMOS;495;337;83;75;68.1;16.8;15.2;REGULAR
L5236-JACAREI VILLA BRANCA;145;108;15;22;74.5;10.3;15.2;REGULAR
L5159-COTIA KM 39;400;271;69;60;67.8;17.2;15.0;REGULAR
L5072-SERRA DE JAPI (1330);510;362;72;76;71.0;14.1;14.9;REGULAR
L5121-VILA MASCOTE;596;400;107;89;67.1;18.0;14.9;REGULAR
L5002-ALPHAVILLE (0290);730;479;142;109;65.6;19.5;14.9;REGULAR
L5023-JOSE BONIFACIO (0813);255;180;37;38;70.6;14.5;14.9;REGULAR
L5250-VILA RICA;479;358;51;70;74.7;10.6;14.6;REGULAR
L5089-BOA VISTA (1364);336;234;53;49;69.6;15.8;14.6;REGULAR
L5004-CAMPO BELO (0448);514;364;75;75;70.8;14.6;14.6;REGULAR
L5176-BRAGANCA PAULISTA;685;451;134;100;65.8;19.6;14.6;REGULAR
L5245-MAUA 2;498;359;67;72;72.1;13.5;14.5;REGULAR
L5092-VILA AUGUSTA (1374);504;341;90;73;67.7;17.9;14.5;TOCADORA
L5088-PONTA DA PRAIA (1363);411;274;78;59;66.7;19.0;14.4;REGULAR
L5273-MORRO GRANDE;291;197;52;42;67.7;17.9;14.4;TOCADORA
L5209-ITABERABA;762;541;112;109;71.0;14.7;14.3;TOCADORA
L5021-VILA SAUDE (0782);608;382;139;87;62.8;22.9;14.3;TOCADORA
L5056-PENHA (1285);986;695;151;140;70.5;15.3;14.2;REGULAR
L5266-MATEO BEI;613;434;92;87;70.8;15.0;14.2;REGULAR
L5283-ALDEIA DA SERRA;248;169;44;35;68.1;17.7;14.1;TOCADORA
L5192-ALPHAVILLE CONDE;389;297;37;55;76.3;9.5;14.1;REGULAR
L5143-AQUARIUS;369;258;59;52;69.9;16.0;14.1;REGULAR
L5097-JUNDIAI (1404);603;394;124;85;65.3;20.6;14.1;REGULAR
L5177-FREGUESIA DO O;695;477;120;98;68.6;17.3;14.1;TOCADORA
L5047-SAO BERNARDO (1255);605;412;108;85;68.1;17.9;14.0;REGULAR
L5114-106 ASA SUL;370;244;75;51;65.9;20.3;13.8;REGULAR
L5148-PARQUE DO CARMO;567;399;90;78;70.4;15.9;13.8;REGULAR
L5112-BAURU;340;246;47;47;72.4;13.8;13.8;TOCADORA
L5108-MOGI DAS CRUZES (1527);399;284;60;55;71.2;15.0;13.8;REGULAR
L5044-INDAIATUBA (1243);333;237;50;46;71.2;15.0;13.8;REGULAR
L5001-RIBEIRAO PRETO (0217);585;409;95;81;69.9;16.2;13.8;REGULAR
L5166-MAIRIPORA;437;306;71;60;70.0;16.2;13.7;TOCADORA
L5063-SAO CAMILO (1311);366;284;32;50;77.6;8.7;13.7;REGULAR
L5035-TREMEMBE (0875);393;285;54;54;72.5;13.7;13.7;REGULAR
L5093-PERDIZES 2 (1376);539;375;90;74;69.6;16.7;13.7;TOCADORA
L5090-NORTE SUL (1365);422;319;45;58;75.6;10.7;13.7;TOCADORA
L5058-JD. BONFIGLIOLI (1291);901;626;152;123;69.5;16.9;13.7;TOCADORA
L5062-ASSUNCAO (1310);601;402;117;82;66.9;19.5;13.6;REGULAR
L5019-ANGELICA (0684);1031;717;174;140;69.5;16.9;13.6;REGULAR
L5169-JACAREI;346;249;50;47;72.0;14.5;13.6;REGULAR
L5184-PRACA VARNHAGEM;1258;838;250;170;66.6;19.9;13.5;REGULAR
L5223-CAMPO LIMPO;1428;1023;212;193;71.6;14.8;13.5;REGULAR
L5252-14 DE DEZEMBRO;555;383;97;75;69.0;17.5;13.5;REGULAR
L5243-MONTE CASTELO;251;182;35;34;72.5;13.9;13.5;REGULAR
L5038-SAO JOSE DOS CAMPOS (0886);321;237;41;43;73.8;12.8;13.4;REGULAR
L5103-ATIBAIA (1454);910;631;157;122;69.3;17.3;13.4;TOCADORA
L5052-PINHEIROS (1277);359;263;48;48;73.3;13.4;13.4;TOCADORA
L5232-PARQUE ECOLOGICO;454;330;63;61;72.7;13.9;13.4;REGULAR
L5237-PAULINIA;299;194;65;40;64.9;21.7;13.4;REGULAR
L5182-SAO JOSE DO RIO PRETO (DAMHA);248;182;33;33;73.4;13.3;13.3;REGULAR
L5025-PANAMBY (0817);623;437;103;83;70.1;16.5;13.3;REGULAR
L5262-URBANOVA;128;94;17;17;73.4;13.3;13.3;REGULAR
L5018-MOEMA JURUCE (0584);729;541;92;96;74.2;12.6;13.2;REGULAR
L5046-VILA CARRAO (1248);546;375;99;72;68.7;18.1;13.2;REGULAR
L5076-PIRACICABA (1337);390;270;69;51;69.2;17.7;13.1;REGULAR
L5039-ZELINA (1208);504;370;68;66;73.4;13.5;13.1;REGULAR
L5178-PERIMETRAL;610;415;115;80;68.0;18.9;13.1;REGULAR
L5119-AGUAS CLARAS (ARAUCARIAS);573;392;106;75;68.4;18.5;13.1;REGULAR
L5204-ITAQUA;381;307;24;50;80.6;6.3;13.1;REGULAR
L5213-REMEDIOS ONIX;354;256;52;46;72.3;14.7;13.0;TOCADORA
L5045-TATUAPE (1247);386;280;56;50;72.5;14.5;13.0;REGULAR
L5042-IPIRANGA (1237);659;474;100;85;71.9;15.2;12.9;REGULAR
L5290-SAO LOURENCO;210;170;13;27;81.0;6.2;12.9;REGULAR
L5198-VILA RESENDE;304;229;36;39;75.3;11.8;12.8;REGULAR
L5024-VALINHOS (0814);463;340;64;59;73.4;13.8;12.7;REGULAR
L5123-SAO VICENTE;764;553;115;96;72.4;15.1;12.6;REGULAR
L5219-AV. ITAQUERA;612;433;102;77;70.8;16.7;12.6;REGULAR
L5101-CIDADE SAO FRANCISCO (1432);348;260;44;44;74.7;12.6;12.6;TOCADORA
L5188-CAJAMAR;429;328;47;54;76.5;11.0;12.6;REGULAR
L5061-BOSQUE MAIA (1304);448;305;87;56;68.1;19.4;12.5;REGULAR
L5053-MORUMBI (1278);368;271;51;46;73.6;13.9;12.5;TOCADORA
L5253-HORTO;534;384;83;67;71.9;15.5;12.5;TOCADORA
L5165-MOGI DAS CRUZES MOGILAR;336;237;57;42;70.5;17.0;12.5;REGULAR
L5030-SAUDADE (0856);558;410;79;69;73.5;14.2;12.4;REGULAR
L5102-POMPEIA DESEMBARGADOR (1449);531;392;73;66;73.8;13.7;12.4;TOCADORA
L5144-EMBU DAS ARTES;518;385;69;64;74.3;13.3;12.4;TOCADORA
L5031-PERDIZES (0860);486;351;75;60;72.2;15.4;12.3;TOCADORA
L5051-VILA PRUDENTE (1276);317;217;61;39;68.5;19.2;12.3;REGULAR
L5109-SANTOS POMPEIA;782;557;129;96;71.2;16.5;12.3;REGULAR
L5142-MARILIA;328;261;27;40;79.6;8.2;12.2;REGULAR
L5116-ENSEADA;449;342;52;55;76.2;11.6;12.2;REGULAR
L5282-PARQUE OLIMPICO;877;624;146;107;71.2;16.6;12.2;REGULAR
L5054-PLANALTO (1279);753;543;118;92;72.1;15.7;12.2;REGULAR
L5040-GUARULHOS (1211);695;537;73;85;77.3;10.5;12.2;REGULAR
L5215-VILA EMA;581;427;83;71;73.5;14.3;12.2;REGULAR
L5230-LARGO DO MACHADO;1747;1213;320;214;69.4;18.3;12.2;REGULAR
L5034-D. PEDRO LL (0873);553;402;84;67;72.7;15.2;12.1;REGULAR
L5028-VILA PAULICEIA (0853);321;234;48;39;72.9;15.0;12.1;REGULAR
L5064-CHACARA INGLESA (1312);404;297;58;49;73.5;14.4;12.1;REGULAR
L5231-SOROCABA PANNUNZIO;505;391;53;61;77.4;10.5;12.1;REGULAR
L5050-SOROCABA W.LUIZ (1273);593;448;73;72;75.5;12.3;12.1;REGULAR
L5193-COTIA;430;319;60;51;74.2;14.0;11.9;TOCADORA
L5240-BARAO GERALDO;457;339;64;54;74.2;14.0;11.8;REGULAR
L5087-ALBERTO ANDALO (1353);314;234;43;37;74.5;13.7;11.8;REGULAR
L5073-VILA GUILHERME (1331);399;285;67;47;71.4;16.8;11.8;REGULAR
L5249-SANTA TERESINHA;434;318;65;51;73.3;15.0;11.8;REGULAR
L5126-CELSO GARCIA;665;496;91;78;74.6;13.7;11.7;REGULAR
L5242-RECREIO;417;309;60;48;74.1;14.4;11.5;REGULAR
L5173-PERUIBE;531;411;59;61;77.4;11.1;11.5;REGULAR
L5244-TAGUATINGA SUL;417;307;62;48;73.6;14.9;11.5;REGULAR
L5105-DOM PEDRO I (1457);464;353;58;53;76.1;12.5;11.4;REGULAR
L5158-LEBLON;911;669;138;104;73.4;15.1;11.4;REGULAR
L5261-UNIMART;574;441;68;65;76.8;11.8;11.3;REGULAR
L5009-PIRITUBA (0508);520;377;84;59;72.5;16.2;11.3;TOCADORA
L5008-SCS MAUA (0500);520;386;75;59;74.2;14.4;11.3;REGULAR
L5207-SANTO ANDRE ORATORIO;578;442;71;65;76.5;12.3;11.2;REGULAR
L5026-VILA MARIA (0818);349;277;33;39;79.4;9.5;11.2;TOCADORA
L5124-BOTUCATU;320;251;33;36;78.4;10.3;11.2;TOCADORA
L5041-TAUBATE (1224);307;240;33;34;78.2;10.7;11.1;REGULAR
L5145-TAMBORE;225;172;28;25;76.4;12.4;11.1;REGULAR
L5155-SUZANO;585;431;89;65;73.7;15.2;11.1;REGULAR
L5065-LINS DE VASCONCELOS (1313);684;508;100;76;74.3;14.6;11.1;REGULAR
L5153-EMBARE;806;601;116;89;74.6;14.4;11.0;REGULAR
L5077-OSCAR FREIRE (1341);365;290;35;40;79.5;9.6;11.0;REGULAR
L5221-BARUERI (BETHAVILLE);368;292;36;40;79.3;9.8;10.9;REGULAR
L5279-BOX CAIEIRAS;259;201;30;28;77.6;11.6;10.8;TOCADORA
L5071-BELA VISTA (1326);592;424;104;64;71.6;17.6;10.8;TOCADORA
L5138-306 ASA NORTE;693;497;121;75;71.7;17.5;10.8;REGULAR
L5235-LOUVEIRA;242;196;20;26;81.0;8.3;10.7;TOCADORA
L5131-TAUBATE SAO GERALDO;385;298;46;41;77.4;11.9;10.6;REGULAR
L5120-ITU;491;357;82;52;72.7;16.7;10.6;REGULAR
L5129-REAL PARQUE;360;275;47;38;76.4;13.1;10.6;TOCADORA
L5122-PONTE RASA;734;528;128;78;71.9;17.4;10.6;REGULAR
L5057-BOQUEIRAO (1289);508;362;92;54;71.3;18.1;10.6;REGULAR
L5214-SAO MIGUEL;648;502;78;68;77.5;12.0;10.5;REGULAR
L5248-SBC PEREIRA BARRETO;563;406;99;58;72.1;17.6;10.3;REGULAR
L5012-SOROCABA (0527);252;193;33;26;76.6;13.1;10.3;REGULAR
L5141-ALTO TAQUARAL;388;292;57;39;75.3;14.7;10.1;REGULAR
L5179-VILA YARA;799;651;67;81;81.5;8.4;10.1;REGULAR
L5069-AGUA RASA (1322);744;584;85;75;78.5;11.4;10.1;REGULAR
L5013-GRANJA VIANA (0545);708;588;49;71;83.1;6.9;10.0;REGULAR
L5277-VILA CURUCA (NORDESTINA);431;333;55;43;77.3;12.8;10.0;REGULAR
L5134-GILBERTO SALOMAO;408;288;79;41;70.6;19.4;10.0;REGULAR
L5241-ITAPEVI;489;390;50;49;79.8;10.2;10.0;REGULAR
L5201-ANA COSTA;705;532;103;70;75.5;14.6;9.9;REGULAR
L5161-ITANHAEM;726;554;100;72;76.3;13.8;9.9;REGULAR
L5135-402 ASA SUL;346;273;39;34;78.9;11.3;9.8;REGULAR
L5048-SJC ANDROMEDA (1261);311;232;49;30;74.6;15.8;9.6;REGULAR
L5202-VILA CAICARA;722;559;94;69;77.4;13.0;9.6;REGULAR
L5147-ROLAND GARROS;602;473;73;56;78.6;12.1;9.3;TOCADORA
L5118-ARACATUBA;273;220;28;25;80.6;10.3;9.2;REGULAR
L5251-JANGADEIROS;687;533;91;63;77.6;13.2;9.2;REGULAR
L5218-PARELHEIROS;738;594;76;68;80.5;10.3;9.2;REGULAR
L5268-TIBURCIO;601;470;76;55;78.2;12.6;9.2;REGULAR
L5216-UBATUBA;408;318;53;37;77.9;13.0;9.1;REGULAR
L5181-RIBEIRAO PIRES;609;496;59;54;81.4;9.7;8.9;REGULAR
L5146-ITATIBA;502;391;67;44;77.9;13.3;8.8;REGULAR
L5098-AUTONOMISTAS (1405);938;750;105;83;80.0;11.2;8.8;REGULAR
L5163-TAQUARI;345;266;49;30;77.1;14.2;8.7;REGULAR
L5111-VINHEDO;263;213;27;23;81.0;10.3;8.7;REGULAR
L5172-PRESIDENTE PRUDENTE;588;477;60;51;81.1;10.2;8.7;REGULAR
L5127-SAO ROQUE;652;492;103;57;75.5;15.8;8.7;REGULAR
L5068-BOSQUE DA SAUDE (1321);622;460;109;53;74.0;17.5;8.5;REGULAR
L5195-LEME;306;261;19;26;85.3;6.2;8.5;REGULAR
L5175-PARQUE SAO LUCAS;609;481;77;51;79.0;12.6;8.4;REGULAR
L5084-GUAIPA (1349);463;360;64;39;77.8;13.8;8.4;TOCADORA
L5106-GUILHERMINA (1516);820;673;78;69;82.1;9.5;8.4;REGULAR
L5130-TUPI;824;687;69;68;83.4;8.4;8.3;REGULAR
L5225-ARUJA;269;220;27;22;81.8;10.0;8.2;REGULAR
L5229-GLAUCIO GIL;582;456;79;47;78.4;13.6;8.1;REGULAR
L5168-SALTO;412;321;58;33;77.9;14.1;8.0;REGULAR
L5086-PORTAL DO MORUMBI (1352);1294;1057;134;103;81.7;10.4;8.0;REGULAR
L5259-ALL WAYS MALL;677;543;81;53;80.2;12.0;7.8;REGULAR
L5150-ARARAQUARA;585;458;82;45;78.3;14.0;7.7;REGULAR
L5132-CANTO DO FORTE;726;594;76;56;81.8;10.5;7.7;REGULAR
L5239-CACAPAVA;339;272;42;25;80.2;12.4;7.4;REGULAR
L5003-LINS (0340);367;291;49;27;79.3;13.4;7.4;REGULAR
L5272-ILHABELA;288;227;40;21;78.8;13.9;7.3;TOCADORA
L5117-NOVA GRANADA;1094;927;87;80;84.7;8.0;7.3;REGULAR
L5284-25 DE AGOSTO;708;575;81;52;81.2;11.4;7.3;REGULAR
L5016-ANDRADINA (0573);292;247;24;21;84.6;8.2;7.2;REGULAR
L5227-CRUZEIRO;333;275;34;24;82.6;10.2;7.2;REGULAR
L5151-PINDAMONHANGABA;328;263;42;23;80.2;12.8;7.0;REGULAR
L5160-GUARATINGUETA;503;399;69;35;79.3;13.7;7.0;REGULAR
L5278-ITAPECERICA DA SERRA;781;668;61;52;85.5;7.8;6.7;REGULAR
L5154-RIO CLARO;325;268;36;21;82.5;11.1;6.5;REGULAR
L5281-OLIVEIRA FREIRE;335;273;41;21;81.5;12.2;6.3;REGULAR
L5140-OSASCO KM 18;766;647;72;47;84.5;9.4;6.1;REGULAR
L5197-LIMEIRA;399;341;34;24;85.5;8.5;6.0;REGULAR
L5233-MONGAGUA;700;597;63;40;85.3;9.0;5.7;REGULAR
L5164-ITAPETININGA;485;399;59;27;82.3;12.2;5.6;REGULAR
L5246-MALL MULTI GERMINARE;293;246;32;15;84.0;10.9;5.1;TOCADORA
L5267-JAU;239;212;17;10;88.7;7.1;4.2;REGULAR
